YEAR,group,lfpr_pct,average_monthly_population,average_monthly_sample_n
2019,16–24,56.1623385480569,37748056.0838667,12327.0833333333
2019,25–34,83.0820468470316,44876816.6665249,14859.8333333333
2019,35–44,83.3266105048866,40959738.3344334,14906.5
2019,45–54,81.6017117182938,40476005.666825,14766.5833333333
2019,55–64,65.6839254144067,42249494.5827165,16499.8333333333
2019,65+,20.6627985552315,52864907.0823,22010.4166666667
2020,16–24,53.7493067467199,37484771.0826916,10724.4166666667
2020,25–34,81.492934096311,44844487.8318167,12869.6666666667
2020,35–44,82.2692475085191,41330148.83455,13315.5
2020,45–54,80.8620701653129,39902343.8323167,12960.0833333333
2020,55–64,65.1557473262673,42200432.081,14907.8333333333
2020,65+,19.8885745496579,54566824.7491165,21042.9166666667
2021,16–24,55.4619431629207,37261980.000575,10812.8333333333
2021,25–34,82.0267303402813,44751018.5836667,13125.9166666667
2021,35–44,82.0362941558322,41842307.9993333,13657.6666666667
2021,45–54,80.592395498323,39540110.7484083,12834.75
2021,55–64,64.9399267825468,41893305.3324334,14466.6666666667
2021,65+,19.1992671060175,56156432.246575,21301.6666666667
2022,16–24,55.8475945774626,37957094.0824583,10281.5
2022,25–34,83.1970551007081,44168135.5002917,12472.3333333333
2022,35–44,83.0582490134791,42998947.5017083,12998.1666666667
2022,45–54,81.2057137779627,40052638.9989333,12207
2022,55–64,65.4393218922912,42162123.7506084,13638.6666666667
2022,65+,19.6859253498965,56634525.2516582,21048.9166666667
2023,16–24,56.8094538558522,39339193.4176,10144.25
2023,25–34,84.0128704172202,44527476.99735,12083.25
2023,35–44,84.0365310372394,43453722.4158,12703
2023,45–54,82.2833790224585,39975908.3342666,11914.6666666667
2023,55–64,65.8965356121158,41405617.49885,13119.1666666667
2023,65+,19.668383763213,58240271.1644583,21277.3333333333
2024,16–24,56.2847715599705,38972440.5831834,10141.8333333333
2024,25–34,83.6694293955923,44427332.9985167,12010.6666666667
2024,35–44,84.7660801768623,44180202.0002083,12776.4166666667
2024,45–54,82.4820375928062,40065859.6681167,11782.8333333333
2024,55–64,66.3477583408564,41233084.5009583,12786.1666666667
2024,65+,19.8849092652421,59692513.5836166,21435.8333333333
