YEAR,MONTH,population,labor_force,n,actual_pct,fixed_age_pct,share_65plus_pct
2019,1,258239487.0173,162867403.1022,97181,63.0683575867267,63.068357586727,20.1669514625437
2019,2,258392052.008399,163659677.15,96108,63.3377365433362,63.3377365433361,20.2044171221267
2019,3,258536748.9772,163264668.4143,94701,63.1495015931751,63.1495015931751,20.2420716627464
2019,4,258692861.0038,162532591.9721,96209,62.8284025084529,62.8284025084529,20.279446367648
2019,5,258861239.0071,163155272.758399,94568,63.0280815251464,63.0280815251468,20.319889993827
2019,6,259037216.9814,164505507.1115,94756,63.5065142486119,63.5065142486117,20.3602623592837
2019,7,259224845.011999,165850690.6455,94058,63.9794733555818,63.9794733555814,20.4006448532169
2019,8,259431967.964,165059510.2691,95598,63.6234275846855,63.6234275846856,20.4541072578472
2019,9,259637672.0148,165189582.9597,95131,63.6231182007685,63.6231182007686,20.5074909127842
2019,10,259844865.0344,165658699.1662,95566,63.752923939547,63.7529239395472,20.5608473343229
2019,11,260020032.997999,165197499.1683,95373,63.5326044934282,63.5326044934279,20.609565496137
2019,12,260181232.981601,164905859.733,95194,63.3811508398308,63.3811508398309,20.658325114172
2020,1,259501528.005899,164003072.252399,94400,63.1992703521465,63.5070815927397,20.7283715853408
2020,2,259628284.9977,164499838.1774,94939,63.3597522622996,63.6618293842255,20.7672634785064
2020,3,259758170.9999,162770701.995099,84661,62.6623991724835,62.9648874285397,20.8064315319347
2020,4,259896347.974899,156260042.8947,82262,60.1239856243736,60.409229583183,20.8453067602287
2020,5,260046776.0135,158203341.329,79490,60.836494016287,61.1435749447057,20.8853702561882
2020,6,260204295.9796,161221661.4341,76135,61.9596462952863,62.2865144460004,20.9253685814508
2020,7,260372679.9994,162292864.0444,77637,62.3309880455868,62.6494304441464,20.965378544295
2020,8,260558199.005599,161511183.4721,80834,61.9866057136163,62.2840187633596,21.0181449725258
2020,9,260742490.9793,160886524.1688,89683,61.7032243438882,61.9937829652093,21.0708445647478
2020,10,260924926.0056,162017437.4408,91778,62.0935070945743,62.3740539520082,21.1234985660269
2020,11,261084750.994301,161123060.839,90496,61.7129342963877,61.9985499337969,21.1706960246432
2020,12,261229649.982201,160906237.4125,87530,61.5957022579418,61.8903051384081,21.2179337239768
2021,1,260851141.9883,159817726.1808,89172,61.2677885795756,61.8312396947605,21.2308340185009
2021,2,260918362.987,160182065.7552,88320,61.3916414013302,61.9647326162134,21.2724889724092
2021,3,261003019.014401,160458986.8549,86657,61.4778279043765,62.03982587372,21.3146001994065
2021,4,261102595.989199,160341391.958,89493,61.4093442275208,61.9702962802378,21.3564475634728
2021,5,261210064.008201,160737811.5032,88754,61.5358417040754,62.110257720924,21.3975182019195
2021,6,261338415.9985,162220891.9594,85746,62.0731136444674,62.6702972370563,21.4384681215108
2021,7,261469450.9945,163291925.3199,85729,62.4516266427372,63.0493842301086,21.4794652966864
2021,8,261611080.9931,162540369.9686,85941,62.1305371896257,62.6872308064814,21.5380498348181
2021,9,261765645.9706,162097234.0846,83862,61.924563662111,62.4773932770783,21.5964951341817
2021,10,261907754.979299,162412822.0041,85306,62.0114597282301,62.556285130595,21.6550227770394
2021,11,262028562.0259,162552029.0246,82874,62.0359962928516,62.6071022286806,21.7077350503025
2021,12,262135763.982901,162001670.5229,82540,61.8006746051896,62.4024971902939,21.7604992641986
2022,1,263202495.986499,163004011.0486,83021,61.931027833779,62.5042706317289,21.1909874890625
2022,2,263324070.999299,163847102.0736,83472,62.2226070908787,62.8038902854499,21.2350260213575
2022,3,263444159.003599,164274891.339,81411,62.3566269073196,62.9471624037998,21.2792559941456
2022,4,263559397.015099,163577558.046,84009,62.0647792864044,62.653793339409,21.323197216406
2022,5,263678636.020301,164470736.1792,85428,62.3754501546106,62.9789891443632,21.3693440832886
2022,6,263834550.009699,165500531.9266,83007,62.7289079161601,63.3544276757437,21.4156045927732
2022,7,264011530.9713,166415925.6735,82212,63.0335823065209,63.6692143995926,21.4619663677719
2022,8,264183767.9885,166241589.5815,83389,62.926496524471,63.5417534103072,21.5209213792329
2022,9,264355644.0034,165638322.2512,82471,62.6573806947242,63.2576593020478,21.5798173017128
2022,10,264535168.9999,165846238.779,81954,62.6934556210417,63.2855558071907,21.6387840684887
2022,11,264707834.023701,165244418.2742,81098,62.4252088660908,63.0469383099869,21.6917569574308
2022,12,264844326.0066,165037851.0549,80287,62.3150412709946,62.9565535603052,21.7446485926849
2023,1,265961719.9974,166380901.9566,80790,62.5582140009573,63.4265523022437,21.6060856409192
2023,2,266111906.9789,167330391.7894,79232,62.8797086492893,63.7523070943724,21.6402376167506
2023,3,266271875.995699,167591091.0634,78396,62.9398393790964,63.8084736373924,21.6747464544967
2023,4,266443193.008,166997864.2355,81322,62.6767238262627,63.5572075209041,21.7090387423271
2023,5,266618230.989399,167242008.2133,82022,62.7271464493175,63.6037503245479,21.746470519004
2023,6,266800905.003701,168695728.1048,81638,63.2290689203098,64.0936222141792,21.7838350289308
2023,7,267002314.977901,169193049.8325,81946,63.3676340396165,64.2328994110964,21.8211381389792
2023,8,267213250.0084,168842673.5584,82862,63.1864900236393,64.0232609996447,21.8698795806208
2023,9,267427696.9899,168555146.9863,81334,63.0283059247471,63.8570436352739,21.918446614568
2023,10,267642080.002499,168563985.103,83071,62.9811220647463,63.8069028019749,21.966973579846
2023,11,267822019.9989,168367657.7065,81407,62.8655021372744,63.6861691195463,22.0122307341802
2023,12,267991083.989201,167133588.4258,80880,62.365354077427,63.209965331938,22.0574244922575
2024,1,267540214.9942,166774886.6057,80923,62.3363805734086,63.431169799547,22.0186183995843
2024,2,267711140.9938,167780936.3993,81159,62.6723773155132,63.7874803551179,22.0522596793112
2024,3,267884190.014,168859370.4185,77992,63.0344666513074,64.1364287190566,22.0863067711491
2024,4,268065824.0031,168362422.9338,81074,62.8063736061532,63.9208974682837,22.120092414434
2024,5,268247739.9914,168384744.1379,81519,62.7721016934937,63.8750767690832,22.1559018514397
2024,6,268438304.0013,169793509.2034,80730,63.252340173695,64.355086238411,22.1916094358545
2024,7,268644201.0053,170572774.6857,81234,63.4939351184189,64.5945828210865,22.2273135900751
2024,8,268855761.9962,169629765.8452,82017,63.0932231415585,64.1783151661387,22.2762787566913
2024,9,269079967.0081,169372725.4591,81435,62.9451264404239,64.0214847361949,22.3250997354597
2024,10,269288750.9965,169354134.0217,81249,62.8894201465926,63.9633564194751,22.3739134215386
2024,11,269463189.0058,168680938.9767,81086,62.5988802400278,63.6938535175165,22.417863168464
2024,12,269637916.0055,168421435.9856,80787,62.4620745037077,63.5797140082738,22.4617482967287
