YEAR,MONTH,group,population,labor_force,n,lfpr_pct,share
2019,1,16–19,16704422.0001,5559307.50770001,5805,33.2804541675655,0.064685777504588
2019,1,20–24,21094524.9966,14756925.6193,6738,69.956188260596,0.0816859003254869
2019,1,25–29,22942847.9965999,19034051.3234,7263,82.9628968740968,0.0888432991468224
2019,1,30–34,21773623.0019001,17998091.9837,7767,82.6600698566768,0.0843156221125913
2019,1,35–39,21249446.0057001,17539908.0237001,7928,82.5428955606423,0.0822858124879892
2019,1,40–44,19480260.0117999,16332367.2207,7308,83.8406017722911,0.0754348617897265
2019,1,45–49,20296809.0008999,16975935.7543,7511,83.6384465831417,0.0785968452591458
2019,1,50–54,20453444.0007999,16436373.5367,7688,80.3599312470661,0.0792033946358858
2019,1,55–59,21826227.7103,15965578.7573,8609,73.1485942931206,0.0845193272430789
2019,1,60–64,20338850.2887,11659711.3385,8404,57.3272882832416,0.0787596448692508
2019,1,65–69,17089489.4938,5846407.92479999,7290,34.2105475235001,0.0661769030413816
2019,1,70–74,13699017.0625,2783997.8359,5854,20.322610178514,0.0530477241134789
2019,1,75–79,9339894.47819999,1184840.6106,3967,12.6858029645357,0.0361675690502526
2019,1,80+,11950630.9694,793905.6656,5049,6.64321128844848,0.0462773184203212
2019,2,16–19,16701672.0034999,5589305.9253,5771,33.4655471867051,0.0646369417080871
2019,2,20–24,21085296.9944,14993907.0994,6637,71.1107228102227,0.0816019565250195
2019,2,25–29,22947095.9996999,18976055.456,7322,82.6948013650537,0.0888072826595839
2019,2,30–34,21803421.9973999,18238423.3291,7700,83.6493616977872,0.0843811635378441
2019,2,35–39,21270597.0016001,17676255.1927,7740,83.1018292122703,0.0823190838737897
2019,2,40–44,19500001.0063999,16234168.153,7158,83.2521400776951,0.0754667214213154
2019,2,45–49,20273644.9996001,16811744.9482001,7456,82.9241359831037,0.0784607918162322
2019,2,50–54,20422733.0048,16490770.5334001,7482,80.7471288466839,0.0790377755277708
2019,2,55–59,21789435.3032,15923929.0989001,8563,73.0809627570362,0.0843270337993666
2019,2,60–64,20391545.6996,11851758.9184,8333,58.1209443020913,0.0789170779097227
2019,2,65–69,17108750.3792,5987443.5537,7227,34.9963815065024,0.0662123708768093
2019,2,70–74,13808624.0983,2866616.3627,5870,20.7596089392636,0.05344059150028
2019,2,75–79,9383367.412,1240930.6439,3884,13.2247900930856,0.0363144583553017
2019,2,80+,11905866.1087,778367.9353,4965,6.53768426583617,0.046076750488877
2019,3,16–19,16698222.0035,5642738.7495,5648,33.7924525636158,0.0645874215931004
2019,3,20–24,21075213.9982999,15079093.7693,6505,71.5489473583347,0.081517285576135
2019,3,25–29,22950466.9982999,18964479.7344999,7203,82.6322171827909,0.0887706180614343
2019,3,30–34,21832430.9951001,18229837.1819999,7756,83.4988883560028,0.0844461419178185
2019,3,35–39,21290987.9936999,17656891.2092,7701,82.9312909970392,0.082351882577349
2019,3,40–44,19519059.9941,16088673.6298001,7162,82.4254530426322,0.0754982031425688
2019,3,45–49,20249835.9922999,16931322.0677001,7301,83.6121441879246,0.0783247877619353
2019,3,50–54,20391443.0032,16359567.0045,7422,80.2276082272975,0.078872512646155
2019,3,55–59,21719244.6125003,15725731.3928999,8309,72.404596354374,0.0840083458093443
2019,3,60–64,20476649.3837,11881998.0308,8212,58.0270619872919,0.0792020842866938
2019,3,65–69,17186791.3565,5888676.0862,7062,34.2628007988991,0.0664771697814444
2019,3,70–74,13809807.1458,2834081.6391,5770,20.5222390811006,0.0534152579872422
2019,3,75–79,9316091.56169999,1260684.7079,3778,13.5323348804652,0.0360339162558339
2019,3,80+,12020503.9385,720893.210900001,4872,5.99719624558402,0.046494372602945
2019,4,16–19,16695707.9998001,5322578.253,5876,31.8799193964325,0.0645387272575521
2019,4,20–24,21066289.9975001,14981338.7258,6594,71.1152211783746,0.0814335962568006
2019,4,25–29,22955037.0052999,18735252.4086,7328,81.6171736263128,0.0887347138851378
2019,4,30–34,21862534.9949999,18188100.8183999,7812,83.1930095140368,0.0845115513051549
2019,4,35–39,21312429.0024998,17735235.1872,7760,83.2154569763952,0.0823850682226083
2019,4,40–44,19539069.9958,16188353.4641,7464,82.8511974601645,0.0755299930581113
2019,4,45–49,20226947.0014002,16793747.7430001,7297,83.0266067431609,0.0781890421054297
2019,4,50–54,20361007.9974999,16256348.4202,7570,79.840587569123,0.0787072666732801
2019,4,55–59,21681507.0668,15662810.5673,8327,72.2404144649328,0.0838117719316635
2019,4,60–64,20530849.938,12067710.2436,8319,58.7784250532374,0.0793638056277804
2019,4,65–69,17305619.8803,5952848.0707,7168,34.3983521646426,0.0668963952586454
2019,4,70–74,13872952.3208,2714213.9016,5855,19.5647893745769,0.0536271169871835
2019,4,75–79,9324983.03120007,1205180.0628,3857,12.9242064974021,0.0360465418141674
2019,4,80+,11957924.7719,728874.1058,4982,6.09532272282547,0.0462244096164849
2019,5,16–19,16690493.0015,5644072.77599999,5820,33.8160938415226,0.0644766016940922
2019,5,20–24,21059076.0002999,15275136.5674,6379,72.5346950986,0.0813527590344351
2019,5,25–29,22955413.9983001,18979494.1952001,7365,82.6798166071217,0.088678452155869
2019,5,30–34,21895064.0035001,18091200.8797,7523,82.6268462919678,0.0845822421598608
2019,5,35–39,21325621.9992001,17748239.1917,7580,83.2249544344625,0.082382445826952
2019,5,40–44,19565947.0071001,16174179.8272,7309,82.6649475301695,0.0755846919459558
2019,5,45–49,20198192.9972,16753220.2587999,7161,82.9441537721834,0.0780271046939012
2019,5,50–54,20341682.0039,16157875.464,7463,79.4323471426904,0.0785814132773352
2019,5,55–59,21566194.5266999,15627039.4431,8146,72.4608109407203,0.0833117951896551
2019,5,60–64,20663234.4665,11979594.2109,8223,57.975406659213,0.0798235940836751
2019,5,65–69,17452103.6268,6063283.4129,7122,34.7424215587915,0.0674187595398218
2019,5,70–74,13841422.3842,2670757.8737,5742,19.2954004261056,0.0534704324111665
2019,5,75–79,9417007.27669999,1249405.1596,3865,13.2675394941165,0.0363785915296562
2019,5,80+,11889785.7152,741773.4982,4870,6.23874572652484,0.0459311164576241
2019,6,16–19,16685788.9994,7021525.71489999,5887,42.0808732218326,0.0644146396947975
2019,6,20–24,21052510.9947001,15631040.0436,6526,74.247865480441,0.0812721478404849
2019,6,25–29,22956487.0017,18993014.5070001,7170,82.7348474772885,0.0886223503680878
2019,6,30–34,21928245.9961,18033829.5778,7573,82.2401827351231,0.0846528782683553
2019,6,35–39,21339446.0010001,17748587.182,7644,83.1726708423837,0.0823798458371036
2019,6,40–44,19593401.9973999,16198537.0484,7184,82.67342777201,0.0756393317752746
2019,6,45–49,20170031.0064,16700282.1897,7215,82.7975038035441,0.0778653787337758
2019,6,50–54,20322946.0050001,16017374.1602,7640,78.8142337053852,0.078455699307715
2019,6,55–59,21545403.7121001,15697898.247,8128,72.8596152421315,0.0831749351045843
2019,6,60–64,20702298.282,11947313.5172,8206,57.7100829794721,0.0799201694769847
2019,6,65–69,17508820.7164999,5990781.40850002,7073,34.2157904607159,0.067591911774427
2019,6,70–74,13892940.7511,2646620.4754,5771,19.0501098566223,0.0536329910929268
2019,6,75–79,9441615.2538,1176845.0031,3893,12.4644456638535,0.0364488754312008
2019,6,80+,11897280.2642,701858.0367,4846,5.89931497883556,0.0459288452942818
2019,7,16–19,16681794.0064,7650412.53290001,5828,45.8608500378611,0.0643526048038634
2019,7,20–24,21046864.9985001,15915586.6144,6517,75.6197496184552,0.0811915424137903
2019,7,25–29,22958560.9998001,18844055.5335,7185,82.0785568122675,0.088566205907992
2019,7,30–34,21962385.0009999,17956408.4077,7484,81.759828938808,0.0847233026602185
2019,7,35–39,21354198.9995001,17765677.593,7429,83.195242272566,0.0823771309363171
2019,7,40–44,19621707.0085001,16289849.8052,7057,83.0195344275766,0.075693774675
2019,7,45–49,20142752.9993,16633737.2823999,7081,82.5792645274356,0.0777037903074744
2019,7,50–54,20305119.9996,15985489.7187,7426,78.7263986571607,0.0783301461658123
2019,7,55–59,21655445.2492,15882499.0071,8135,73.3418261519545,0.08353923501506
2019,7,60–64,20612475.748,11941588.5462,8177,57.9337906430706,0.0795158185823036
2019,7,65–69,17479585.4034999,6226431.33829998,7129,35.6211614553127,0.0674302087158765
2019,7,70–74,13941003.6992,2835260.6794,5837,20.3375649313018,0.0537795815773549
2019,7,75–79,9574940.256,1230699.2234,3951,12.8533357963127,0.0369368154335544
2019,7,80+,11888010.6435,692994.3633,4822,5.82935517204393,0.0458598428053825
2019,8,16–19,16686675.9979999,6694647.22830001,5887,40.1197172468768,0.0643200455555093
2019,8,20–24,21043736.9998,15308384.9924,6633,72.7455631694384,0.0811146643374348
2019,8,25–29,22939186.9983,19037636.3994,7327,82.9917660151202,0.0884208186767607
2019,8,30–34,21992940.9988998,18213892.0898,7778,82.8169915552045,0.0847734424230699
2019,8,35–39,21367862.9923,17819140.2305,7698,83.3922430002533,0.0823640323125681
2019,8,40–44,19656043.9981,16290166.6269999,7162,82.8761200807987,0.0757656974672742
2019,8,45–49,20115955.9966,16597954.239,7166,82.5113866912686,0.0775384627980441
2019,8,50–54,20285715.0007001,16329106.0212001,7512,80.4955902251238,0.078192811625725
2019,8,55–59,21685372.1679999,15905856.4567,8281,73.348321317591,0.0835878952705208
2019,8,60–64,20593983.8248,11862463.202,8202,57.6015952178948,0.0793810569546221
2019,8,65–69,17299524.9562999,6119770.4989,7100,35.3753673257449,0.0666823178811198
2019,8,70–74,14049554.934,2815124.23520001,5960,20.037106146241,0.0541550644057465
2019,8,75–79,9554640.24840002,1218392.9574,3947,12.7518454460285,0.0368290782488528
2019,8,80+,12160772.8498001,846975.0913,4945,6.96481302431305,0.0468746120427517
2019,9,16–19,16691461.0118,5961936.9182,5861,35.7184845232256,0.0642875160691186
2019,9,20–24,21040485.9955999,15138774.7983,6580,71.9506897391339,0.0810378780256533
2019,9,25–29,22919682.0022,19043966.7673,7083,83.0900130528512,0.088275641297899
2019,9,30–34,22023375.0034,18356580.0085,7679,83.3504401830604,0.0848234958836968
2019,9,35–39,21381409.0052001,18020442.5843,7713,84.2808936488578,0.0823509502272124
2019,9,40–44,19690271.0031999,16526404.4929,7146,83.9318285168054,0.0758374963479011
2019,9,45–49,20089050.0021001,16640482.1465,7186,82.8335941458677,0.0773734021192231
2019,9,50–54,20266201.9946,16358562.3821,7548,80.718441405345,0.0780557067752663
2019,9,55–59,21748647.7871997,15977033.5589999,8162,73.4621927548217,0.0837653781842567
2019,9,60–64,20541916.2149,12080680.6047,8144,58.8099010740648,0.0791176259419283
2019,9,65–69,17277008.8253001,6182078.1781,7173,35.782109279513,0.0665427658907499
2019,9,70–74,14156627.5548,2908250.0828,5991,20.5433820416778,0.0545245512523047
2019,9,75–79,9568059.11819999,1212814.0722,3923,12.6756540403584,0.0368515826072212
2019,9,80+,12243476.4963,781576.3648,4942,6.38361469502712,0.0471560093775688
2019,10,16–19,16696298.0028,5817749.26339999,5874,34.8445461528319,0.0642548699224425
2019,10,20–24,21037311.0042,15346542.7287,6316,72.9491650602882,0.0809610418948048
2019,10,25–29,22900269.0034,19199925.572,7184,83.8414848714197,0.0881305428158771
2019,10,30–34,22053906.002,18559340.0649,7653,84.15443533321,0.0848733570281651
2019,10,35–39,21395051.9988999,17924227.3042001,7719,83.7774421166243,0.0823377902660017
2019,10,40–44,19724588.997,16622359.3798,7191,84.2722724530694,0.0759090967388896
2019,10,45–49,20062248.9992,16729408.0044,7273,83.3875005990957,0.0772085644122467
2019,10,50–54,20246811.0059999,16272664.2621001,7478,80.3714928601736,0.0779188420880262
2019,10,55–59,21571495.8948001,15750198.2707,8160,73.0139362958907,0.0830168257969783
2019,10,60–64,20730578.1203001,12153392.6032,8176,58.6254398342079,0.0797805956933405
2019,10,65–69,17287960.3387001,6158444.93840001,7277,35.6227387022284,0.0665318529054302
2019,10,70–74,14137033.0471,2948967.6346,6121,20.8598765014907,0.0544056664164923
2019,10,75–79,9794460.31250001,1309083.7813,4107,13.3655529710943,0.0376934918887212
2019,10,80+,12206852.3074999,866395.358500001,5037,7.09761482055195,0.0469774621325839
2019,11,16–19,16691812.9989,5806785.5591,5798,34.7882255779087,0.0641943345920133
2019,11,20–24,21034412.0011001,14834941.142,6301,70.5270066081436,0.0808953516333946
2019,11,25–29,22886040.9950001,19289066.8567002,7090,84.2831089086761,0.088016452929133
2019,11,30–34,22089148.0017999,18549616.7998,7582,83.9761533504531,0.0849517160163186
2019,11,35–39,21401811.0035,17943940.4876999,7670,83.8430938613815,0.0823083158506659
2019,11,40–44,19751982.9983001,16567702.8528,7208,83.8786812150755,0.0759633124054406
2019,11,45–49,20029169.9972001,16633675.9592,7179,83.047255385646,0.0770293341103998
2019,11,50–54,20237729.9978999,16435323.7922,7493,81.2113008420681,0.0778314261580589
2019,11,55–59,21535409.7617001,15776100.0991,8271,73.2565587266288,0.0828221176399348
2019,11,60–64,20773516.2387999,11985938.3705,8154,57.6981683443322,0.0798919837032699
2019,11,65–69,17413668.9714001,6282234.0097,7375,36.0764524697112,0.0669704898142753
2019,11,70–74,14203197.4021,2985896.06869999,6065,21.0227034390054,0.0546234735775501
2019,11,75–79,9822782.06720001,1283577.0914,4109,13.0673477495351,0.0377770203085681
2019,11,80+,12149350.5631,822700.0794,5078,6.77155601961726,0.0467246712609771
2019,12,16–19,16686335.9985,5747714.0941,5797,34.4456332092119,0.064133511119459
2019,12,20–24,21030265.0012001,14678300.8544,6347,69.7960812836281,0.0808292925673364
2019,12,25–29,22870490.998,19147530.217,7041,83.7215528895923,0.0879021547246545
2019,12,30–34,22123144.0056,18758499.3818,7450,84.7912908628706,0.0850297454281206
2019,12,35–39,21407378.999,18008096.7821999,7782,84.1209789532907,0.082278720696638
2019,12,40–44,19778284.9934001,16470966.1747001,7165,83.2780303256646,0.0760173390169104
2019,12,45–49,19995006.9973,16682729.1904,7217,83.4344753800423,0.0768503045671785
2019,12,50–54,20227587.9984001,16364342.5596999,7434,80.9011067508113,0.0777442237727827
2019,12,55–59,21550648.0642999,15789257.1795,8173,73.2658114614008,0.082829371731911
2019,12,60–64,20763004.9305,11917938.2406,8184,57.3998719380596,0.0798020852332894
2019,12,65–69,17588258.8931002,6302682.58959998,7409,35.8346020939714,0.0676000289934209
2019,12,70–74,14228108.0932,2948232.7533,6057,20.7211860775013,0.0546853742299169
2019,12,75–79,9917805.9045,1270331.4655,4147,12.8085937326482,0.0381188365926507
2019,12,80+,12014912.1046,819238.2502,4991,6.81851222104528,0.0461790113257311
2020,1,16–19,16621537.9999,5652734.7703,5525,34.0084941016531,0.0640517924022477
2020,1,20–24,20897859.0028,14828121.2571,6499,70.9552172550941,0.0805307743788115
2020,1,25–29,22730646.9983,19012751.8537,6884,83.6436897512068,0.0875934996335867
2020,1,30–34,22062317.9994,18567213.0484,7578,84.1580338426133,0.0850180658624036
2020,1,35–39,21340643.0025001,17828788.5221001,7655,83.5438206806205,0.0822370610550506
2020,1,40–44,19737308.0029001,16455505.1808001,7080,83.3725915326559,0.0760585425240786
2020,1,45–49,19909226.0053001,16577680.5467001,7081,83.2663235742412,0.0767210357422151
2020,1,50–54,20173968.003,16333262.9593001,7392,80.9620742774608,0.077741230111529
2020,1,55–59,21457086.7009999,15703045.5409999,8207,73.1834929868098,0.0826857817211466
2020,1,60–64,20780493.2961,11891409.1945,8204,57.2239023639144,0.0800785007155237
2020,1,65–69,17633666.8841,5998406.4013,7244,34.0167841477638,0.0679520734216991
2020,1,70–74,14223277.8406,2991978.7552,6060,21.0357892795954,0.054809996495576
2020,1,75–79,9956067.66379994,1352306.7388,4086,13.5827395359813,0.0383661234687357
2020,1,80+,11977428.6062,809867.4832,4905,6.76161394759458,0.0461555224673962
2020,2,16–19,16605640.9965,5749459.89609999,5499,34.6235348416349,0.0639592908632707
2020,2,20–24,20905923.9999,15022901.6407,6641,71.8595439300932,0.0805225208805167
2020,2,25–29,22705523.9997,18864623.2204999,7080,83.0838487618658,0.0874539690461739
2020,2,30–34,22097142.9928,18652961.6779999,7702,84.4134541921447,0.0851106919763993
2020,2,35–39,21339272.9946999,17816168.1430999,7675,83.4900427372805,0.0821916340697972
2020,2,40–44,19777432.0034,16396733.5782,7134,82.9062821471523,0.0761759528765336
2020,2,45–49,19867805.9915999,16571891.9912,7155,83.4107802250863,0.076524042793627
2020,2,50–54,20179173.0004999,16304928.2548,7411,80.8007754053947,0.0777233227908072
2020,2,55–59,21487743.4331998,15763684.8041,8256,73.3612854840038,0.0827634917874615
2020,2,60–64,20744935.5751999,12074650.4804,8249,58.205292740629,0.0799024481303481
2020,2,65–69,17724419.457,6106376.42879999,7275,34.4517711489184,0.0682684456247016
2020,2,70–74,14256240.5406001,3017803.0136,5935,21.1682947198153,0.0549101980191656
2020,2,75–79,9809284.75359997,1389381.1266,3988,14.1639391810917,0.0377820342405562
2020,2,80+,12127745.259,768273.9213,4939,6.33484547121293,0.0467119569006413
2020,3,16–19,16589700.001,5532534.68010001,4943,33.3492147523253,0.063865940913968
2020,3,20–24,20913986.0022999,14455182.4175,5566,69.1172998581445,0.0805132940449753
2020,3,25–29,22680455.0028,18721560.7998,6103,82.5449083692931,0.0873137307500087
2020,3,30–34,22132073.0018001,18256450.7094,6610,82.4886611747355,0.0852026056258635
2020,3,35–39,21338021.0053001,17890043.2928,6826,83.8411551303487,0.0821457162373858
2020,3,40–44,19817673.9969001,16315110.1289001,6274,82.3260597154444,0.0762927838636026
2020,3,45–49,19826566.9968001,16536346.709,6268,83.4049924612207,0.0763270195523811
2020,3,50–54,20184655.0018999,16346324.4927999,6634,80.9839181856778,0.0777055633099128
2020,3,55–59,21461423.6473998,15823381.7615,7358,73.7294133952622,0.082620783649605
2020,3,60–64,20767210.346,12026663.0859,7598,57.911789236615,0.0799482467329506
2020,3,65–69,17748153.1027999,6131824.64859998,6631,34.5490858292891,0.068325677819801
2020,3,70–74,14284821.8761,2685469.0876,5543,18.7994579903938,0.0549927720121862
2020,3,75–79,9841297.89100004,1342690.8678,3712,13.6434328344832,0.0378863842978162
2020,3,80+,12172133.1278,707119.313400001,4595,5.80932944107395,0.0468594811895434
2020,4,16–19,16574495.9953,4694526.51870001,4866,28.3237965126132,0.0637734855624086
2020,4,20–24,20922943.9967999,13266440.4162001,5200,63.4061842264124,0.0805049557634437
2020,4,25–29,22656302.9929001,17796387.2403,5823,78.5493875407517,0.087174379976621
2020,4,30–34,22167844.0022,17539725.547,6340,79.1223789975216,0.0852949422911507
2020,4,35–39,21337558.0010002,17416944.1187001,6562,81.6257611010767,0.0821002609973606
2020,4,40–44,19858639.9997,15995721.5492,6027,80.5479204489413,0.0764098462884823
2020,4,45–49,19785998.0008001,16026232.356,6118,80.9978468377081,0.0761303425576065
2020,4,50–54,20190743.9984,15674520.9068,6440,77.6322106210753,0.0776876787831967
2020,4,55–59,21549273.2587,15429283.9347,7203,71.6000198682838,0.0829148752054844
2020,4,60–64,20676356.7351001,11852076.1423,7315,57.3218787726754,0.0795561649719562
2020,4,65–69,17716298.2039,5906579.3293,6466,33.3398053098911,0.0681667839580839
2020,4,70–74,14403701.2696,2745991.2777,5551,19.0644836788972,0.0554209452415663
2020,4,75–79,9968383.23670002,1263810.3052,3789,12.6781873769369,0.03835522628299
2020,4,80+,12087808.2838,651803.252599999,4562,5.39223684969874,0.0465101121196492
2020,5,16–19,16565638.9968999,5263531.9923,4660,31.7737938952129,0.0637025355624479
2020,5,20–24,20922106.0012999,13686650.7133,4943,65.4171750800308,0.0804551639594786
2020,5,25–29,22631986.9970001,18076666.7487,5535,79.8722036695059,0.0870304463833277
2020,5,30–34,22205080.0049999,17847940.6085,6044,80.3777361057973,0.085388791760476
2020,5,35–39,21351682.0035001,17449794.0756,6253,81.7256180226905,0.0821070821596791
2020,5,40–44,19892953.0003001,16066071.2582,5897,80.7626261317645,0.0764975951836732
2020,5,45–49,19752762.9954001,16127302.1582,5900,81.6458039918548,0.0759584998445614
2020,5,50–54,20194621.0026999,15858301.2185,6209,78.5273524884664,0.0776576480288742
2020,5,55–59,21445357.7816,15544340.0691,6913,72.4834727748722,0.0824673088063461
2020,5,60–64,20772855.2200999,11917040.2921,7030,57.3683307654743,0.0798812257492534
2020,5,65–69,17757688.9598,5943096.5968,6427,33.4677367660512,0.0682865184180484
2020,5,70–74,14469101.8460999,2656179.6049,5369,18.3575983717051,0.0556403815802307
2020,5,75–79,9816202.91780004,1139489.766,3723,11.6082539811165,0.0377478354789926
2020,5,80+,12268738.286,626936.2268,4587,5.11003016109166,0.0471789670846105
2020,6,16–19,16557250.9995,6318959.5555,4460,38.1643036980645,0.063631735737361
2020,6,20–24,20921870.002,14466639.0272,4544,69.1460133621761,0.0804055518116435
2020,6,25–29,22608310.9971,18186730.0389,5138,80.4426745599562,0.0868867706891069
2020,6,30–34,22242932.9893999,17901329.7053,5767,80.4809766492171,0.0854825740123206
2020,6,35–39,21366392.9964,17656676.1653,5954,82.637608361294,0.082113913284795
2020,6,40–44,19927807.9995999,16393427.9455,5676,82.2640801528654,0.0765852382435771
2020,6,45–49,19720067.0008001,16176393.1287,5501,82.0301124131257,0.0757868617293932
2020,6,50–54,20199038.9968,16121501.0869,5934,79.8132083880526,0.0776276153349275
2020,6,55–59,21443242.9065001,15616530.6896,6581,72.8272806389098,0.0824092577940421
2020,6,60–64,20768673.093,11866435.4764,6860,57.1362234999958,0.0798167955483265
2020,6,65–69,17703342.4566,5906852.50520001,6203,33.3657472857498,0.0680363188853267
2020,6,70–74,14572322.5989,2723183.0339,5348,18.6873644569573,0.0560033897366648
2020,6,75–79,9593765.64490004,1158592.7612,3604,12.0765172309155,0.0368701277924027
2020,6,80+,12579277.2981,728410.314500001,4565,5.79055773426681,0.0483438494001123
2020,7,16–19,16549520.0011,6781674.76750002,4522,40.9780752979498,0.0635608927984998
2020,7,20–24,20922481.0032,14880139.3459,4796,71.1203386616726,0.0803558998710934
2020,7,25–29,22585550.0015001,18024750.7197,5260,79.8065609139599,0.0867431636896471
2020,7,30–34,22281689.0059002,18084783.2243,5914,81.1643283393426,0.0855761403460283
2020,7,35–39,21381968.9938,17679753.336,6110,82.6853380113236,0.0821206318337596
2020,7,40–44,19963468.0007,16543106.5329,5824,82.8668973362742,0.0766726678111772
2020,7,45–49,19688173.0002001,16069853.6847,5578,81.6218634635968,0.0756153564200569
2020,7,50–54,20204296.9998999,15951293.8364001,6034,78.9500067063908,0.0775976073985427
2020,7,55–59,21390366.0794,15544233.7638,6745,72.6693208807206,0.0821528820898154
2020,7,60–64,20817048.9259001,12014982.9839001,6868,57.7170329313648,0.0799509722984302
2020,7,65–69,17750857.6205999,5924441.7917,6340,33.3755242610062,0.0681748085883697
2020,7,70–74,14611244.8601,2796440.6793,5396,19.1389625324564,0.0561166588604214
2020,7,75–79,9955879.2511,1288228.4054,3754,12.9393735390841,0.0382370348959919
2020,7,80+,12270136.256,709180.9729,4496,5.77973184733964,0.0471252830981664
2020,8,16–19,16550125.0028001,6068902.6988,4750,36.6698299727236,0.0635179590047916
2020,8,20–24,20920677.0010001,14429172.7799,5002,68.9708692467757,0.080291762381081
2020,8,25–29,22548326.9980002,18113792.821,5538,80.3332008738678,0.0865385433429232
2020,8,30–34,22319241.9991,18247907.1243,6282,81.758632865022,0.0856593347830913
2020,8,35–39,21391206.0056,17557287.707,6387,82.0771288089306,0.0820976123078754
2020,8,40–44,20010255.0032,16626106.0909,6198,83.0879271065823,0.0767976409092769
2020,8,45–49,19645230.0014,16017541.6969,5728,81.5339993258339,0.075396706288171
2020,8,50–54,20212379.9949999,16074576.6778999,6307,79.5283716310321,0.0775733792762573
2020,8,55–59,21315374.1341,15457271.0612,7073,72.5170056314974,0.0818065760948932
2020,8,60–64,20880882.8606001,12118406.3922,7136,58.0358908821146,0.0801390358863789
2020,8,65–69,17735623.1442,5882242.62829999,6427,33.1662585547418,0.0680677991016464
2020,8,70–74,14798868.6282,2863470.3045,5637,19.349251462666,0.0567967873767884
2020,8,75–79,9813428.18230001,1248374.7746,3734,12.7210873856664,0.0376630949237145
2020,8,80+,12416580.0500999,806130.7146,4635,6.49237319251617,0.0476537683231111
2020,9,16–19,16550644.9991,5742108.0501,5412,34.6941647918389,0.0634750590014649
2020,9,20–24,20918765.0028,14253832.316,6088,68.1389762449751,0.0802276795171857
2020,9,25–29,22510988.9941001,18248053.8047,6479,81.062870269639,0.0863341794026475
2020,9,30–34,22356685.0006998,18270351.2878999,7025,81.7220946993169,0.0857423924912749
2020,9,35–39,21400343.0024,17436947.5711,7176,81.4797574466188,0.0820746281974385
2020,9,40–44,20056943.9964,16484064.9072,6900,82.186323650097,0.0769224222759778
2020,9,45–49,19602195.0004001,16005993.2622001,6515,81.654086503442,0.0751783682313455
2020,9,50–54,20220369.0000999,15989809.1476999,6917,79.0777317051976,0.0775491900999948
2020,9,55–59,21198243.4817999,15369177.7182,7581,72.5021284494416,0.0812995358070843
2020,9,60–64,20986667.5130001,12069294.0263,7857,57.5093402457715,0.0804880993281076
2020,9,65–69,17856312.6189,5911504.26130001,6919,33.1059630701301,0.0684825574528916
2020,9,70–74,14836904.7288,2992590.7994,6031,20.1699131597918,0.0569025196970211
2020,9,75–79,9892514.04529999,1271806.3709,3951,12.8562503432001,0.0379397849891882
2020,9,80+,12354913.5955,840990.6458,4832,6.80693263695757,0.0473835835083776
2020,10,16–19,16551025.9928999,5797931.99950002,5645,35.0306500756341,0.0634321383022822
2020,10,20–24,20916677.9972998,14695091.2883,6256,70.255378460179,0.080163586965436
2020,10,25–29,22473469.9957,18463109.6351001,6780,82.155135093213,0.0861300234505681
2020,10,30–34,22393956.0023999,18462399.3587001,7296,82.4436707686729,0.0858252844801779
2020,10,35–39,21409315.0055999,17467683.6946999,7372,81.5891759737806,0.0820516281573669
2020,10,40–44,20103481.0020998,16535686.965,7068,82.2528544348752,0.0770469932093357
2020,10,45–49,19559014.0063001,16170710.9824,6724,82.6765141493907,0.074960312553199
2020,10,50–54,20228219.9988001,16026995.2019,6990,79.2308725278384,0.077525057910205
2020,10,55–59,21174058.7502001,15360018.8334001,7790,72.5416842118419,0.0811500038510913
2020,10,60–64,20999234.2510999,12061013.375,7822,57.4354913649684,0.0804799854600678
2020,10,65–69,17938521.2892999,5949451.9284,7039,33.1657879289569,0.0687497417893872
2020,10,70–74,14955560.533,2921219.2882,6098,19.5326633311684,0.0573174850021001
2020,10,75–79,9767027.75129999,1255310.3111,3971,12.852531425775,0.0374323292941755
2020,10,80+,12455363.4296,850814.5791,4927,6.83090930191608,0.0477354295746076
2020,11,16–19,16544997.9984999,5662622.77249999,5499,34.2255875341503,0.0633702195761754
2020,11,20–24,20924475.9981999,14419961.1901,6197,68.914324025799,0.0801443819239246
2020,11,25–29,22438379.0045999,18250818.6595,6627,81.3375095222276,0.0859428937122789
2020,11,30–34,22432773.0039001,18254739.2645001,7262,81.3753130802258,0.0859214217546925
2020,11,35–39,21418542.9939,17549628.3589,7198,81.9366114861226,0.0820367444377004
2020,11,40–44,20139674.0024,16510198.6082,6947,81.9784799209387,0.0771384537997766
2020,11,45–49,19510041.9968001,16051387.8416001,6665,82.2724412599046,0.0747268537227822
2020,11,50–54,20247661.9996,16077849.2692,6909,79.4059544727568,0.0775520666086011
2020,11,55–59,21019949.817,15183381.6671,7540,72.2331965551144,0.0805100632532113
2020,11,60–64,21134795.1797,12080612.069,7820,57.1598256159276,0.0809499409644244
2020,11,65–69,18057635.1403001,6178421.63960001,7045,34.2150098370927,0.0691638828829738
2020,11,70–74,14896011.7903,2820282.31960001,5994,18.9331369987001,0.0570543156334136
2020,11,75–79,9880396.216,1238715.3041,3914,12.5371015192089,0.0378436357480553
2020,11,80+,12439415.8531,844441.875100001,4879,6.78843673265864,0.0476451259819902
2020,12,16–19,16537938.0014001,5691264.44409999,5270,34.4133860195763,0.0633080433347705
2020,12,20–24,20930969.9998001,14412262.003,5910,68.856159094097,0.0801247867584184
2020,12,25–29,22401916.9991998,18350519.7498,6417,81.9149528607549,0.0857556445094432
2020,12,30–34,22470258.9982999,18343436.3065999,6952,81.6342896091575,0.0860172610568175
2020,12,35–39,21426511.9992,17528970.5391,6996,81.8097249788232,0.0820217460026454
2020,12,40–44,20174691.0031001,16416007.8781,6597,81.3693150273158,0.0772297134129864
2020,12,45–49,19459945.9948001,16040020.0022,6469,82.4258197144333,0.0744936342261533
2020,12,50–54,20265971.0005001,16064286.7341001,6642,79.2672936011982,0.0775791377505615
2020,12,55–59,21182707.5310999,15198054.6091999,7298,71.7474599830382,0.081088450459369
2020,12,60–64,20951204.4542,11988162.3971001,7590,57.2194425542768,0.0802022452490659
2020,12,65–69,18087641.9549001,6102428.67369999,6881,33.7381107438761,0.0692403865952144
2020,12,70–74,14871167.4659,2717172.1508,5837,18.2714111520198,0.0569275634175267
2020,12,75–79,10043929.9636,1264804.957,3882,12.5927297540281,0.0384486598833033
2020,12,80+,12424794.6162,788846.967700001,4789,6.34897390312969,0.0475627273437246
2021,1,16–19,16480890.0028,5581828.47439999,5299,33.8684893440322,0.0631812070178294
2021,1,20–24,20865056.9988999,14370914.942,6087,68.8755125028305,0.0799883674645203
2021,1,25–29,22310070.9998999,18065048.4626999,6549,80.9726175357352,0.0855279790222295
2021,1,30–34,22486893.0045003,18371639.5130001,7168,81.6993237319332,0.0862058445790085
2021,1,35–39,21422560.9997001,17583595.9554001,7246,82.0798034168101,0.0821256170719044
2021,1,40–44,20190867.9989999,16561173.1705,6845,82.0230867306955,0.0774037937694962
2021,1,45–49,19392507.0002999,15866052.8444,6549,81.8153776824966,0.0743431937942973
2021,1,50–54,20266401.9938999,15975200.1681,6852,78.8260302588908,0.0776933611998865
2021,1,55–59,21111529.595,15124850.8845,7471,71.6426103397176,0.0809332458124601
2021,1,60–64,20943490.4034,11795793.084,7648,56.3220020006074,0.0802890500833591
2021,1,65–69,18109842.7716,5900896.65859999,6934,32.5839198772826,0.0694259669846961
2021,1,70–74,14866163.9577001,2637308.414,5851,17.7403425759607,0.0569909866768644
2021,1,75–79,9898612.7787,1216792.9739,3858,12.2925605951403,0.037947362251318
2021,1,80+,12506253.4829,766630.635300001,4815,6.12997838519927,0.0479440242721304
2021,2,16–19,16470143.0014,5623896.23129998,5199,34.146007298309,0.0631237403640333
2021,2,20–24,20854962.9989,14299940.8628,5986,68.5685266550424,0.0799290734471574
2021,2,25–29,22272312.0049,18097491.4887999,6515,81.2555584028205,0.0853612285081282
2021,2,30–34,22517339.0018999,18387866.0313998,7132,81.6609193024468,0.0863003229980475
2021,2,35–39,21432128.0001,17532281.0294,7100,81.8037342317021,0.0821411255027988
2021,2,40–44,20215770.9991,16483823.7199,6819,81.5394264242203,0.0774792956987364
2021,2,45–49,19353730.9964999,15981604.5703,6403,82.576349610265,0.0741754270375528
2021,2,50–54,20281209.9957999,16047550.1889999,6892,79.1252109332888,0.077730098271429
2021,2,55–59,21076292.0363002,15201877.0344001,7286,72.1278534583668,0.0807773427482002
2021,2,60–64,20940643.9587,12193820.3514,7599,58.2303981455832,0.0802574556998249
2021,2,65–69,18098189.4346,5722702.713,6834,31.6203050790228,0.0693634178423147
2021,2,70–74,14931711.6686,2703700.4455,5910,18.1071032277273,0.0572275231902477
2021,2,75–79,10016319.6375,1178644.3827,3848,11.7672401176904,0.0383887110237582
2021,2,80+,12457609.2527001,726866.7053,4797,5.83472069604736,0.047745237667771
2021,3,16–19,16460143.005,5557920.31429999,5093,33.7659296921765,0.0630649525325676
2021,3,20–24,20845907.9976,14306430.5743,5715,68.6294431307435,0.0798684554543406
2021,3,25–29,22235733.9974,18257708.9448,6397,82.1097650607567,0.0851933976908261
2021,3,30–34,22549045.9997,18572642.8846,6947,82.3655372597452,0.086393812933083
2021,3,35–39,21442923.0010998,17579003.5767999,6988,81.9804444380005,0.0821558428024037
2021,3,40–44,20241843.9952001,16447663.0817,6722,81.2557545923197,0.0775540607600532
2021,3,45–49,19316135.0014,15779680.4381,6204,81.6917071502985,0.0740073240315059
2021,3,50–54,20297403.0032,16149337.4359,6721,79.563565020382,0.0777669280602465
2021,3,55–59,21040684.7167001,15271769.8679,7129,72.5820954665924,0.0806147177766523
2021,3,60–64,20941448.2858,12036880.2208,7562,57.4787381298837,0.0802345059642573
2021,3,65–69,18100654.7411,5932823.27350001,6760,32.7768434808533,0.0693503654074644
2021,3,70–74,15124698.1504999,2693196.2538,5854,17.8066115898715,0.0579483647645681
2021,3,75–79,10171549.2695,1234349.6289,3851,12.1353158323804,0.0389710023581712
2021,3,80+,12234847.8502001,639580.3595,4714,5.22753014447615,0.0468762694638603
2021,4,16–19,16451278.0017,5659962.9301,5339,34.4043966038087,0.0630069492008438
2021,4,20–24,20838270.9947,14301565.374,6043,68.6312476579146,0.0798087468864611
2021,4,25–29,22200609.9941999,18134899.2502999,6556,81.6864908443408,0.0850263855481473
2021,4,30–34,22582171.9986002,18531525.7609001,7310,82.0626366766172,0.0864877344977995
2021,4,35–39,21455037.9966001,17522608.9652,7207,81.6713024138048,0.0821709103094766
2021,4,40–44,20269152.0002,16467372.6294,6876,81.2435203467689,0.0776290711450388
2021,4,45–49,19279675.9981,15479358.5853,6358,80.2884788459386,0.0738394650005603
2021,4,50–54,20314718.9995,16188620.4408,7027,79.6891182260429,0.0778035887484637
2021,4,55–59,20890945.8960001,15107566.7598,7254,72.3163366321893,0.0800104871299868
2021,4,60–64,21058495.1103,12275462.3191,7780,58.2922106010125,0.0806521858984927
2021,4,65–69,18226814.4134002,6099830.9049,6962,33.4662479495893,0.0698070976443072
2021,4,70–74,15137076.2482,2657961.6222,5956,17.5592801318951,0.0579736719615997
2021,4,75–79,10157907.5431,1229819.3774,3998,12.1070148766552,0.0389038933321067
2021,4,80+,12240440.7946,684837.0386,4827,5.59487235869906,0.046879812696716
2021,5,16–19,16446481.0020999,5877186.4633,5279,35.7352217933404,0.0629626621184995
2021,5,20–24,20827774.0049,14319814.2837,5845,68.7534552676205,0.079735725665785
2021,5,25–29,22163975.0024001,17989828.3127,6553,81.1669761888468,0.0848511526022378
2021,5,30–34,22608994.0011,18576360.6103,7184,82.163587682832,0.0865548350403154
2021,5,35–39,21467118.0018001,17548752.1129,7069,81.7471265189325,0.0821833495708119
2021,5,40–44,20302864.9946,16592121.033,6810,81.7230525712163,0.0777261973871061
2021,5,45–49,19252369.0038,15604314.1258,6377,81.0513974811104,0.0737045453317434
2021,5,50–54,20315498.994,16015727.8672999,6872,78.8350208480236,0.077774564587076
2021,5,55–59,20918143.3643001,15248628.1279,7224,72.8966613448306,0.0800816899751742
2021,5,60–64,21014374.6478001,12242120.3173,7750,58.2559344376282,0.0804500957020568
2021,5,65–69,18160530.0058999,6167262.549,6982,33.9597057299341,0.0695246183367951
2021,5,70–74,15158288.5495,2670829.2516,5894,17.6195963210378,0.058031028042718
2021,5,75–79,10284885.7474,1229687.442,4047,11.9562576794872,0.0393740026306074
2021,5,80+,12288766.6886,655179.0064,4868,5.33152775215265,0.0470455330090737
2021,6,16–19,16443081.9993999,6852620.8305,5102,41.6747957028377,0.0629187329255655
2021,6,20–24,20819055.9984999,15105738.5605,5480,72.557269463075,0.0796632057286954
2021,6,25–29,22129199.9980999,17972855.7531,6111,81.2178287269454,0.0846764143478506
2021,6,30–34,22637672.9965001,18527600.6148,6773,81.8441039309316,0.0866220640008397
2021,6,35–39,21480944.0020999,17561939.3222,6898,81.7559010464494,0.0821958911782154
2021,6,40–44,20338216.005,16738356.3455,6629,82.3000224866577,0.0778232925583995
2021,6,45–49,19226602.0059,15778354.0886,6132,82.0652244414178,0.0735697502888761
2021,6,50–54,20317874.0007,15843995.1473,6557,77.9805758552996,0.0777454547700963
2021,6,55–59,20802738.1801999,15187295.1457,6887,73.0062312669749,0.0796007663118282
2021,6,60–64,21116077.8090001,12041247.3688,7652,57.0240717888803,0.0807997466745237
2021,6,65–69,18290561.9848999,5997834.38150001,6865,32.7919633440001,0.0699880341549363
2021,6,70–74,15217594.7674001,2610644.7958,5861,17.1554364254242,0.0582294597189548
2021,6,75–79,10133110.4838,1267369.4443,3973,12.5072103607887,0.038773903350888
2021,6,80+,12385685.767,735040.1608,4826,5.93459397103722,0.0473932839903306
2021,7,16–19,16439787.0032,7516922.08169999,5086,45.7239627267485,0.0628745994634217
2021,7,20–24,20810487.0017999,15266569.5573,5578,73.3599821858066,0.0795905101825363
2021,7,25–29,22094596.0033999,18029251.7014,6153,81.6002777268507,0.0845016345862319
2021,7,30–34,22666542.9934001,18700068.1922,6712,82.5007509863547,0.0866890679090341
2021,7,35–39,21494954.0074,17610796.0110001,6827,81.9299078515693,0.0822082806448092
2021,7,40–44,20373747.9951001,16835577.1336,6598,82.6336771106079,0.077920185006732
2021,7,45–49,19201010.0057,15749562.0711,6200,82.0246542573779,0.0734350033346875
2021,7,50–54,20320461.9936,15892634.9781,6571,78.2100081341926,0.0777163906387955
2021,7,55–59,20913475.9919,15120639.398,7003,72.3009384181586,0.0799843955473787
2021,7,60–64,20992148.0112,12023020.3052,7546,57.2738925944375,0.0802852797195092
2021,7,65–69,18337239.3088,5856024.3768,6796,31.9351472606332,0.0701314789894355
2021,7,70–74,15230092.1795001,2666698.8836,5876,17.5094073769916,0.0582480749532014
2021,7,75–79,10113525.9083,1268421.1218,3970,12.5418289654949,0.038679569907051
2021,7,80+,12481382.5912,755739.5081,4813,6.05493423967977,0.0477355291171762
2021,8,16–19,16443110.0035001,6579149.8157,5093,40.0115903518226,0.0628532627176207
2021,8,20–24,20797001.0011999,14793167.0813,5703,71.1312514744146,0.0794958719724431
2021,8,25–29,22046883.999,17946133.8246,6071,81.399865057638,0.0842735098043553
2021,8,30–34,22694508.001,18824394.6375,6747,82.9469166578566,0.0867490318638244
2021,8,35–39,21499593.9941,17540779.5859,6992,81.586562010025,0.0821815112436581
2021,8,40–44,20414938.0006,16870102.2589,6736,82.6360690314326,0.0780354483575506
2021,8,45–49,19179156.9914,15901775.6028,6221,82.9117547237888,0.0733117149265777
2021,8,50–54,20323896.0025001,16075500.5151001,6575,79.0965497615349,0.077687443228126
2021,8,55–59,20895117.9784,15139975.6977,6924,72.4570003067257,0.0798709209834698
2021,8,60–64,20970950.0237001,11970484.2407,7398,57.0812682647743,0.0801607865541948
2021,8,65–69,18436250.3821999,6034944.80829999,6844,32.7341226290065,0.0704719781448637
2021,8,70–74,15316436.1896999,2794684.9624,5917,18.2463134882472,0.0585465880556639
2021,8,75–79,10154382.2174,1276120.6527,3951,12.567191438917,0.0388148016469831
2021,8,80+,12438856.2084,793156.285,4769,6.37644066071265,0.0475471305006691
2021,9,16–19,16447314.9919,5972791.501,4779,36.3146902940782,0.0628322136425316
2021,9,20–24,20784629.9971001,14486807.8822,5656,69.6996188251668,0.0794016721332274
2021,9,25–29,22000331.9979999,17870818.9247,6049,81.2297692885937,0.0840459102890486
2021,9,30–34,22723638.0011001,18831148.733,6559,82.8703077037591,0.0868090918380185
2021,9,35–39,21505321.0039,17503379.3939,6884,81.3909236264164,0.082154863844568
2021,9,40–44,20457154.9985,16940747.3969,6556,82.8108668978757,0.0781506485415494
2021,9,45–49,19158257.9960001,15955638.7114,6007,83.2833481767042,0.0731885879255212
2021,9,50–54,20328315.9998,16193800.4064,6457,79.6612980955204,0.0776584563815649
2021,9,55–59,20799953.5128,15281767.4537,6670,73.4702000381672,0.0794602111964537
2021,9,60–64,21028522.4765,11968850.3995,7241,56.9172199942983,0.0803333928657001
2021,9,65–69,18413716.4274998,6027191.154,6616,32.7320732766294,0.0703442820360314
2021,9,70–74,15398366.284,2911459.01940001,5800,18.9075838676809,0.0588250082508134
2021,9,75–79,10420810.7145,1411148.3564,3953,13.5416369710704,0.0398096957141213
2021,9,80+,12299311.569,741684.7521,4635,6.03029484974909,0.0469859653408506
2021,10,16–19,16450611.9977,5833586.3098,4933,35.461211477212,0.0628107098203342
2021,10,20–24,20771124.0022,14826349.6023,5839,71.3796210582039,0.0793070216796051
2021,10,25–29,21952612.9984001,17980987.2969,6218,81.9081869580192,0.083818109930098
2021,10,30–34,22751606.0041001,18975130.4116,6677,83.4012790489626,0.0868687756339947
2021,10,35–39,21509970.9963,17655786.2837,7015,82.0818693188244,0.0821280415999904
2021,10,40–44,20498357.9967001,16838123.292,6637,82.1437663187984,0.0782655633786795
2021,10,45–49,19136424.9958,15904798.3432001,6054,83.1126939681306,0.0730655149837485
2021,10,50–54,20331792.9972998,16157741.5165999,6581,79.4703227538554,0.0776295951943339
2021,10,55–59,20931319.7001998,15204362.4864,6908,72.6392922384865,0.0799186709910675
2021,10,60–64,20857749.295,11950753.7645999,7293,57.2964685478542,0.079637769017754
2021,10,65–69,18389004.9489999,6172246.0879,6693,33.5648726237124,0.0702117619634948
2021,10,70–74,15304165.6445001,2916241.5068,5820,19.055213949857,0.0584334192231522
2021,10,75–79,10535774.421,1301233.7564,3986,12.3506227867443,0.0402270426159497
2021,10,80+,12487238.9811001,695481.3459,4652,5.56953660414955,0.0476780039677978
2021,11,16–19,16450231.0035999,5666568.85589998,4741,34.4467433597736,0.0627802972180337
2021,11,20–24,20756605.9995999,14911169.2894,5567,71.838186308915,0.0792150513635543
2021,11,25–29,21920876.0000001,18106766.9874001,5931,82.6005629857127,0.083658345603688
2021,11,30–34,22777179.0124,18878329.6819,6553,82.8826505320198,0.0869263214525011
2021,11,35–39,21513577.0087999,17832928.4122,6760,82.891508022611,0.0821039387556287
2021,11,40–44,20521354.9973998,16884268.0781,6532,82.2765752078229,0.0783172446497318
2021,11,45–49,19122711.9998999,15860093.1119,5949,82.9385137002689,0.0729794944949925
2021,11,50–54,20330002.0032,16182442.1711999,6325,79.5988223151811,0.0775869693212702
2021,11,55–59,20798351.7461,15060561.5473,6580,72.4122840653663,0.0793743689057999
2021,11,60–64,20957206.2541999,11981079.3019,7163,57.169257946769,0.0799806177317741
2021,11,65–69,18377862.2645001,6216738.16820001,6553,33.827319405961,0.0701368664637543
2021,11,70–74,15316961.5207,2920241.1059,5699,19.0654073391349,0.0584553126662048
2021,11,75–79,10474510.9482,1278444.5643,3893,12.2052912123758,0.0399746915649778
2021,11,80+,12711131.2673,772397.749,4628,6.07654608199218,0.048510479808089
2021,12,16–19,16448907.9997,5570903.97749999,4801,33.867925929196,0.0627495758296187
2021,12,20–24,20740902.9994999,14707935.4836,5511,70.9127056037755,0.0791227518304328
2021,12,25–29,21887913.9987,18111563.181,6051,82.7468674359546,0.0834983890261073
2021,12,30–34,22801514.9953,18751851.9551999,6595,82.2395001343777,0.0869836097480671
2021,12,35–39,21516032.9979,17795859.2117,6638,82.7097598030126,0.0820797310179451
2021,12,40–44,20543264.0008,16988518.5787,6508,82.6962968398712,0.0783687951947684
2021,12,45–49,19107993.9992,15748850.2555,5936,82.420217717042,0.0728935026219717
2021,12,50–54,20327177.0033999,16060979.4028999,6197,79.0123458865617,0.0775444628178469
2021,12,55–59,20777431.1829999,15025338.8554999,6528,72.3156713799811,0.0792621001701825
2021,12,60–64,20942573.8127001,12011323.6101,7104,57.3536171700923,0.0798920891010745
2021,12,65–69,18266803.4804,6296862.8728,6487,34.4716188552443,0.0696845146303334
2021,12,70–74,15284204.233,2861361.9418,5614,18.7210396968006,0.0583064439615993
2021,12,75–79,10622086.6031,1293796.3114,3901,12.1802463088788,0.0405213178152713
2021,12,80+,12868956.6762,776524.8852,4669,6.03409355348994,0.049092716234781
2022,1,16–19,17020391.9976001,5786048.6705,4829,33.9948026538746,0.0646665296003616
2022,1,20–24,20858664,14453632.9324,5552,69.2931864303486,0.0792494916198283
2022,1,25–29,21578237.9995,17712864.9052001,5951,82.0867065494897,0.0819834094605501
2022,1,30–34,22676718.0001,18683305.5886,6745,82.3898131489646,0.0861569261154086
2022,1,35–39,21882657.9999999,18072812.9907999,6682,82.5896606838162,0.0831400094363934
2022,1,40–44,20962447.9926001,17476651.5951,6456,83.3712341290931,0.0796438039617802
2022,1,45–49,19386048.9991,15855139.7167999,5948,81.7863388126996,0.0736545028816686
2022,1,50–54,20701826.9974,16503302.5339001,6356,79.7190631337648,0.0786536120024553
2022,1,55–59,21084581.7664,15392101.6107,6638,73.0016928067719,0.0801078336562639
2022,1,60–64,21275712.2383999,12256557.1037,7132,57.6082105565356,0.0808340063746627
2022,1,65–69,18440167.4200002,6084548.31259998,6508,32.9961663254786,0.0700607619653653
2022,1,70–74,15220521.6108999,2843219.2512,5705,18.6801696018346,0.0578281811266737
2022,1,75–79,9957544.12139997,1186362.0091,3872,11.914202886135,0.0378322556709747
2022,1,80+,12156974.8431,697463.828,4647,5.73714955407566,0.0461886761276137
2022,2,16–19,17023911.0033,5711637.46150001,4917,33.5506773995284,0.0646500372666092
2022,2,20–24,20864518.9996,14567094.4852,5581,69.8175428126536,0.0792351376021961
2022,2,25–29,21547238.9964999,17807779.0038,6055,82.6452939362331,0.0818278363794442
2022,2,30–34,22694905.0050001,18808523.6676,6644,82.8755337969301,0.0861862150272634
2022,2,35–39,21878674.0002,18197298.8536,6631,83.1736825249725,0.0830864945888601
2022,2,40–44,20990883.0009,17580643.0967,6481,83.753709150521,0.0797150177772992
2022,2,45–49,19375601.0009,15867658.4679,5971,81.895051756913,0.0735808197380919
2022,2,50–54,20702497.0049002,16495576.0485,6433,79.6791616228493,0.0786198425625708
2022,2,55–59,20998069.3414001,15477692.986,6717,73.7100765520569,0.0797423086378452
2022,2,60–64,21330837.6494,12312646.1153,7116,57.7222813171915,0.0810060302062422
2022,2,65–69,18460237.5691001,6133347.05550002,6542,33.2246377249576,0.0701046338036796
2022,2,70–74,15272554.5556,2973429.1618,5753,19.4691015898826,0.0579990826423178
2022,2,75–79,10054461.0933,1260143.7248,3923,12.5331801784953,0.0381828408437705
2022,2,80+,12129681.7792,653631.9454,4708,5.38869821400301,0.04606370292381
2022,3,16–19,17027145.9980001,5893474.8933,4737,34.612229753549,0.0646328469091901
2022,3,20–24,20870063.9984001,14592665.3941,5374,69.9215172278276,0.0792200672709351
2022,3,25–29,21515957.9991,17791527.4336001,5891,82.6899152449742,0.081671797471152
2022,3,30–34,22712843.9957,18947462.1594999,6474,83.4217950120514,0.086215022119316
2022,3,35–39,21874477.0031,18225625.8037,6430,83.3191385609682,0.0830326893024835
2022,3,40–44,21019121.9993,17545873.2813,6299,83.4757668844791,0.0797858721893802
2022,3,45–49,19364991.0027001,15937654.7324,5825,82.3013794851636,0.0735070045809419
2022,3,50–54,20703072.9986001,16583011.4525001,6215,80.0992753762758,0.0785861910049678
2022,3,55–59,20985180.0173999,15567459.3281,6625,74.1831107247696,0.0796570328101793
2022,3,60–64,21312346.9953001,12302900.8939001,7057,57.7266356286951,0.0808989163999983
2022,3,65–69,18476146.1348,6149009.04620001,6489,33.2807989357601,0.0701330642694094
2022,3,70–74,15310238.6126,2818180.8755,5634,18.4071649489558,0.0581156882373344
2022,3,75–79,10181390.5217,1270765.038,3818,12.4812522935013,0.0386472433482985
2022,3,80+,12091181.7269,649281.0069,4543,5.3698722057539,0.0458965640864135
2022,4,16–19,17030263.9999,5911490.57720001,4967,34.7116790276106,0.0646164173722262
2022,4,20–24,20875419.0027999,14349125.723,5616,68.7369471294227,0.0792057473162451
2022,4,25–29,21484441.9988,17823093.7879,6056,82.9581414723062,0.0815165091517077
2022,4,30–34,22730492.0033,18970450.2851999,6781,83.4581595613762,0.0862442859588029
2022,4,35–39,21869975.9996,18262178.7027,6709,83.5034236115942,0.0829793065520902
2022,4,40–44,21047059.0065001,17447600.6232,6457,82.8980458400936,0.0798569857302195
2022,4,45–49,19354086.9965,15814029.539,5930,81.7089927407053,0.0734334924714948
2022,4,50–54,20703250.9964,16390223.8922,6516,79.1673920924304,0.0785525055485458
2022,4,55–59,21030946.4337001,15494913.7566,6737,73.6767306476083,0.0797958512270203
2022,4,60–64,21234170.5697,12258803.1071,7200,57.7314902263838,0.0805669265075888
2022,4,65–69,18563899.4410999,6151376.97970001,6650,33.1362330377692,0.070435354046725
2022,4,70–74,15353042.0728,2851072.0776,5793,18.570079233034,0.0582526832534844
2022,4,75–79,10290076.9964,1210848.9446,3987,11.7671514510885,0.0390427247631411
2022,4,80+,11992271.4976,642350.05,4610,5.35636680781077,0.0455012101007082
2022,5,16–19,17046163.0002001,6101274.1649,5110,35.7926541288406,0.0646474938488674
2022,5,20–24,20871423.0008001,14663723.1956,5603,70.2574194152354,0.0791547745991573
2022,5,25–29,21457861.0001999,17865656.7204,6244,83.2592620496215,0.0813788379827176
2022,5,30–34,22738693.0039,19065669.9533,6976,83.8468154261548,0.0862363873960173
2022,5,35–39,21870879.0017999,18149243.848,6805,82.9836050325474,0.0829452068316834
2022,5,40–44,21074195.0052999,17611804.7002999,6678,83.5704742025533,0.0799237864825632
2022,5,45–49,19358050.9981,16013616.9336,6046,82.7232913849218,0.0734153183218441
2022,5,50–54,20691291.0034,16275243.4297,6575,78.6574575120791,0.0784716248373155
2022,5,55–59,20951343.9457,15364991.5687,6840,73.3365439874492,0.0794578744107543
2022,5,60–64,21272341.0555998,12332546.2178,7303,57.9745604189323,0.0806752544561939
2022,5,65–69,18549322.8193999,6300423.58329999,6812,33.9657875634719,0.0703482204677815
2022,5,70–74,15408316.9908,2927881.3696,5825,19.0019544077927,0.0584359704804214
2022,5,75–79,10436056.9873,1207450.31,4030,11.569985785526,0.039578697557039
2022,5,80+,11952698.2078,591210.184,4581,4.94624873582261,0.0453305523276441
2022,6,16–19,17064328.0047,7338525.43540001,4868,43.0050654990854,0.0646781401604629
2022,6,20–24,20870274.9929999,15376174.5766,5344,73.6749974868913,0.0791036465551331
2022,6,25–29,21434206.0039999,17764353.4195,5848,82.8785233107535,0.0812410884139772
2022,6,30–34,22749985.9974999,18876967.1962,6706,82.9757310544036,0.0862282290043647
2022,6,35–39,21874750.0026999,17954986.9896,6620,82.0808785809386,0.0829108621365005
2022,6,40–44,21104186.0019999,17523696.1478,6472,83.0342195910296,0.0799902287294217
2022,6,45–49,19364636.9965,16056729.8366,5774,82.9177941187439,0.0733968958795883
2022,6,50–54,20682189.0018001,16290962.9072001,6434,78.7680786873294,0.0783907528450679
2022,6,55–59,20957955.1554001,15433109.3627,6607,73.6384310791097,0.0794359766551787
2022,6,60–64,21230273.8429,12002382.0441,7117,56.5342780451885,0.0804681336925717
2022,6,65–69,18641436.9226001,6243053.3379,6782,33.4901937217682,0.0706557837929671
2022,6,70–74,15321007.4574,2786607.5182,5764,18.1881480441032,0.0580705122086425
2022,6,75–79,10472962.1101,1187884.7698,4045,11.3423953730761,0.0396951881765105
2022,6,80+,12066357.5191,665098.385,4626,5.51200628646387,0.0457345617496132
2022,7,16–19,17083749.9992,7649865.73740001,4824,44.7786097183477,0.0647083479132476
2022,7,20–24,20870710.9950001,15633951.0274,5312,74.9085693877193,0.0790522706270314
2022,7,25–29,21412186.9966999,17767251.7006,5736,82.9772862685084,0.0811032265065255
2022,7,30–34,22763023.9998,19020948.598,6553,83.5607281271904,0.0862198098547239
2022,7,35–39,21880303.0047,18075489.6072,6571,82.6107828731498,0.0828763157586422
2022,7,40–44,21135801.9965001,17384247.7045001,6360,82.2502392262133,0.0800563593519621
2022,7,45–49,19372714.0003999,16024068.4681,5799,82.7146287699762,0.073378287414673
2022,7,50–54,20674727.0016999,16394393.5405,6294,79.2967836487127,0.0783099394395294
2022,7,55–59,20847412.6435002,15317399.2113,6490,73.4738620721632,0.0789640231500587
2022,7,60–64,21308834.3497,12132886.155,7110,56.9382912077065,0.0807117563058882
2022,7,65–69,18711617.1664999,6410470.07670001,6723,34.2593054339361,0.0708742421123037
2022,7,70–74,15321999.7276,2811111.3235,5772,18.3468957934796,0.0580353428929042
2022,7,75–79,10530119.6907,1227794.254,4046,11.6598318923608,0.0398850749130525
2022,7,80+,12098329.3993,566048.2693,4622,4.67873084471277,0.0458250037594576
2022,8,16–19,17091256.9976,7222142.60859999,4909,42.2563572100879,0.0646945765356181
2022,8,20–24,20886163.9993,14969193.3308,5419,71.6703810776438,0.0790592251686303
2022,8,25–29,21378137.0017,17957355.5987,5910,83.99869267033,0.0809214629818989
2022,8,30–34,22771680.9965001,19094614.6900001,6601,83.8524599608383,0.0861963669073391
2022,8,35–39,21875141.0023,18015035.0401,6688,82.3539150591345,0.0828027443504864
2022,8,40–44,21170443.9934999,17655980.3123,6492,83.3991970962962,0.0801352942865947
2022,8,45–49,19384023.0008001,16118400.4545,5941,83.1530196483708,0.0733732550958386
2022,8,50–54,20660553.9974,16715258.9749,6307,80.9042147514704,0.0782052362819633
2022,8,55–59,20756759.6672001,15222077.3471,6501,73.3355186029061,0.0785693982080822
2022,8,60–64,21354826.3266999,12057603.2814,7176,56.4631296782047,0.0808332263912199
2022,8,65–69,18760733.1319,6424468.23660002,6836,34.244228044991,0.0710139509128231
2022,8,70–74,15363537.7813,2848918.3566,5756,18.543374560953,0.0581547378867305
2022,8,75–79,10629213.5537,1280251.4199,4145,12.0446485850719,0.0402341659165173
2022,8,80+,12101296.5386,660289.930000001,4708,5.45635691096278,0.0458063590762577
2022,9,16–19,17098724.9969,6316470.18359999,4776,36.9411765189812,0.0646807639056123
2022,9,20–24,20901572.0042,14706213.8212,5356,70.3593673157449,0.0790661083972592
2022,9,25–29,21344044.9988,17573401.0806,5794,82.3339769082571,0.0807398876587841
2022,9,30–34,22780298.0000001,19146934.3733001,6354,84.0504122171712,0.0861729208993438
2022,9,35–39,21869941.9988999,18031517.6456999,6666,82.4488590166675,0.082729241818717
2022,9,40–44,21205051.9964999,17740348.2027,6486,83.6609511998751,0.0802141073115399
2022,9,45–49,19395300.0017,16246924.3274,5921,83.7673267542956,0.0733682084784639
2022,9,50–54,20646355.9976,16659153.0856001,6247,80.6881034480688,0.0781006816610071
2022,9,55–59,20681954.2786999,15242237.7815,6360,73.6982471583829,0.0782353422287208
2022,9,60–64,21384934.7274,12324019.6303,7171,57.6294470261326,0.0808945646234244
2022,9,65–69,18753574.0039,6680271.87590001,6737,35.6213267642253,0.070940698370937
2022,9,70–74,15462570.3313,2920489.6197,5689,18.8874783242746,0.0584915460745794
2022,9,75–79,10670055.8476,1379957.9434,4158,12.932996444535,0.0403625044126645
2022,9,80+,12161264.8199,670382.6803,4756,5.51244208746302,0.046003424158947
2022,10,16–19,17106574.9961001,6204467.28189999,4700,36.2694886808989,0.0646665434345577
2022,10,20–24,20917482.0038001,14840144.4065,5523,70.9461320621859,0.0790725939499109
2022,10,25–29,21310482.9984999,17632189.7565,5936,82.7395125569942,0.0805582224815938
2022,10,30–34,22789500.0002998,19345222.4476999,6344,84.8865593692068,0.0861492257776449
2022,10,35–39,21865317.9945,18149027.0623,6506,83.0037187973445,0.0826556184463637
2022,10,40–44,21240222.0042998,17635889.9708999,6326,83.0306291870665,0.0802926207679701
2022,10,45–49,19407097.9984999,16184708.1693,5920,83.3958182235745,0.073363016614654
2022,10,50–54,20632758.0039999,16538920.8181,6248,80.1585557049318,0.0779962758146826
2022,10,55–59,20675142.0496,15102736.0229,6334,73.0477981078356,0.0781564966494411
2022,10,60–64,21348396.9452,12446068.4165,7061,58.2997798310022,0.0807015453782936
2022,10,65–69,18754479.7961001,6765090.7862,6644,36.0718658141975,0.0708959790375063
2022,10,70–74,15437884.0795,3040847.5716,5554,19.6973079726511,0.0583585318272214
2022,10,75–79,10829813.3928,1318129.1677,4169,12.1713008330904,0.0409390306541967
2022,10,80+,12220016.7367,642796.9009,4689,5.26019656723962,0.0461942991659632
2022,11,16–19,17123980.9982,6322730.33969999,4681,36.9232501505614,0.0646901179232454
2022,11,20–24,20921235.0049,14824151.014,5378,70.8569594984617,0.0790351939603981
2022,11,25–29,21286698.0036001,17522232.5689,5790,82.3154092097167,0.0804158217761484
2022,11,30–34,22797548.0043001,19228330.0062001,6349,84.3438513763553,0.0861234352522372
2022,11,35–39,21870417.0034999,18208085.6081999,6436,83.2544052785372,0.0826209661839543
2022,11,40–44,21265324.0059001,17682201.6234,6269,83.1503983597619,0.0803350761579506
2022,11,45–49,19412900.9988,16143965.0594,5747,83.1610126708935,0.0733370852827192
2022,11,50–54,20625715.9970001,16488094.4636,6201,79.9395010868867,0.0779187970506131
2022,11,55–59,20738792.2398999,15172696.4707,6309,73.1609454166226,0.0783459708186919
2022,11,60–64,21245441.7639,12263841.793,6916,57.7245788969124,0.0802599660197356
2022,11,65–69,18658857.8566999,6433086.65700001,6646,34.4773871284413,0.0704884988595742
2022,11,70–74,15521986.1955,3018410.6647,5515,19.446033688492,0.0586381821782814
2022,11,75–79,10863741.3162999,1192935.1533,4132,10.9808869575173,0.0410404979375385
2022,11,80+,12375194.6352,743656.8521,4729,6.00925378567173,0.0467503905989122
2022,12,16–19,17139035.9981,6122844.25609999,4712,35.7245545010744,0.06471362349546
2022,12,20–24,20922072.9978999,14824495.5029,5290,70.8557679938696,0.078997625938864
2022,12,25–29,21259964.9989001,17436754.737,5694,82.0168553330268,0.0802734395690633
2022,12,30–34,22802478.0008001,19114541.2725,6236,83.8265967051008,0.0860976647852816
2022,12,35–39,21872547.0065001,18217438.3135,6310,83.2890577767929,0.0825864285495585
2022,12,40–44,21287550.9994,17725826.7765999,6148,83.2685111457845,0.0803775988724391
2022,12,45–49,19416088.999,16133223.1595,5700,83.0920334179085,0.0733113270416682
2022,12,50–54,20615887.9939999,16569463.1507,6136,80.3722990516944,0.0778415316833564
2022,12,55–59,20680279.4342999,15059459.1756,6253,72.8203853504163,0.0780846610766526
2022,12,60–64,21258951.5698999,12550410.0389,6894,59.035884237442,0.0802696130608067
2022,12,65–69,18776226.0709001,6392716.45809999,6617,34.0468656159163,0.0708953306797752
2022,12,70–74,15419506.6447,2900293.6807,5499,18.8092508244866,0.0582210194086459
2022,12,75–79,10843375.3807,1297692.4386,4066,11.9676059625284,0.0409424492651952
2022,12,80+,12550359.9115,692692.0942,4732,5.51930063428126,0.0473876865732333
2023,1,16–19,17132659.9989,6122597.6223,4711,35.7364100069289,0.0644177665833545
2023,1,20–24,22126902.0011001,15704444.8152,5315,70.9744401381597,0.0831958148011538
2023,1,25–29,21541272.9980999,17884852.0768,5720,83.0259756625226,0.0809938851286962
2023,1,30–34,22926711.0001999,19346824.152,6369,84.3855193700974,0.0862030483199764
2023,1,35–39,21898186.0020001,18330825.8955001,6374,83.7093350738084,0.0823358564616522
2023,1,40–44,21304568.9994,17825968.2871,6154,83.6720437179557,0.080103892393267
2023,1,45–49,19422977.0004001,16279741.2635999,5661,83.8169208729671,0.0730292201471322
2023,1,50–54,20562403.0019,16498235.1521999,6214,80.2349567347525,0.0773133930781506
2023,1,55–59,20454968.6435001,15086931.9684001,6402,73.7568080955927,0.0769094463808554
2023,1,60–64,21127153.3572,12116405.5877,6874,57.3499201849205,0.0794368202965695
2023,1,65–69,18584666.5235001,6232071.70310001,6544,33.5334061292928,0.0698772233977196
2023,1,70–74,15209010.6959,2878589.1184,5524,18.9268662897055,0.0571849614149309
2023,1,75–79,11027614.1016,1297046.1241,4166,11.7618018925038,0.0414631628254915
2023,1,80+,12642625.6737,776368.1902,4762,6.14087777521603,0.0475355087710502
2023,2,16–19,17152665.0018,6091138.874,4520,35.5113265102584,0.0644565859398391
2023,2,20–24,22124392.0041,15969571.3352001,5171,72.1808370247671,0.0831394290292101
2023,2,25–29,21543652.9963,18051106.3005,5526,83.7885121135223,0.0809571177813104
2023,2,30–34,22932200.996,19550089.628,6194,85.2516931602423,0.0861750278532945
2023,2,35–39,21913670.9974002,18395432.6239001,6273,83.9450068684635,0.0823475779275736
2023,2,40–44,21331488.0042001,18109022.5968,6130,84.8933866837344,0.0801598404459648
2023,2,45–49,19435720.0014999,16238866.1566,5648,83.5516572339319,0.0730358901341494
2023,2,50–54,20546369.0001001,16588255.2627999,6048,80.7357020732915,0.0772095064567299
2023,2,55–59,20395716.8122,14977250.6281,6274,73.4333133079252,0.0766433830178713
2023,2,60–64,21148782.1686,12192472.6646,6729,57.6509444723601,0.0794732652465523
2023,2,65–69,18507414.0219,6291524.59990001,6364,33.9946174676548,0.0695474856123872
2023,2,70–74,15301736.671,2898905.494,5463,18.9449443310185,0.0575011349349854
2023,2,75–79,11051767.6832,1268294.0243,4164,11.4759381544725,0.0415305267947903
2023,2,80+,12726330.6206,708461.600700001,4728,5.56689608199571,0.0478232288253416
2023,3,16–19,17173020.9969,6129144.28109999,4527,35.690542055509,0.0644943103085258
2023,3,20–24,22122405.0024,15836209.0187,5173,71.5844819628878,0.0830820187812744
2023,3,25–29,21546583.0046001,18032269.9079,5474,83.6896964314489,0.0809194847335212
2023,3,30–34,22938325.9935,19459055.8046,6102,84.8320658190753,0.086146258998342
2023,3,35–39,21929808.0036001,18430726.2390002,6093,84.0441751062046,0.0823587092012459
2023,3,40–44,21359060.9921,18317280.8385,6010,85.7588301530432,0.0802152345689145
2023,3,45–49,19449075.0034001,16241142.8779001,5591,83.5059912878159,0.0730421676366382
2023,3,50–54,20531098.995,16611418.1833,6040,80.9085679599786,0.0771057736316526
2023,3,55–59,20455050.1272,15217650.5307,6202,74.3955670412386,0.0768201675475869
2023,3,60–64,21053693.8753001,12041366.9631,6598,57.1936071381125,0.0790684100473309
2023,3,65–69,18562034.3066,6257620.6309,6350,33.7119333341335,0.0697108330993986
2023,3,70–74,15313851.7123,2936864.5939,5543,19.1778309537967,0.0575120885562367
2023,3,75–79,10766529.5244,1332826.7822,4000,12.3793538036508,0.0404343473532062
2023,3,80+,13071338.4584,747514.4116,4693,5.71872891195488,0.049090195536126
2023,4,16–19,17194262.0015,6098848.97350001,4713,35.4702573042562,0.0645325624850313
2023,4,20–24,22121535.0053001,15549608.3678,5347,70.2917241686642,0.0830253336764203
2023,4,25–29,21550570.0021,18017119.5325,5708,83.6039117793374,0.0808824190958141
2023,4,30–34,22945526.0002001,19308144.1872001,6436,84.1477514485032,0.0861178915518819
2023,4,35–39,21946948.9975,18483942.7636001,6332,84.2210129786403,0.0823700870333026
2023,4,40–44,21387594.0019998,18048642.4732999,6246,84.3883723976258,0.0802707464977635
2023,4,45–49,19463290.0007999,16430931.3187,5883,84.4201125196446,0.0730485541066739
2023,4,50–54,20516671.9968,16674232.3913001,6238,81.2716233602641,0.077002049724663
2023,4,55–59,20378920.1478,14973018.7738,6433,73.4730724945522,0.0764850470290981
2023,4,60–64,21095618.8576001,12065849.5742,6829,57.1959972146208,0.0791749213760798
2023,4,65–69,18578352.8318,6378165.15660001,6604,34.3311660314831,0.0697272563883522
2023,4,70–74,15413218.9095001,2962397.5315,5704,19.2198498502743,0.0578480490925407
2023,4,75–79,10998181.6109001,1325302.0449,4133,12.0501924025925,0.041277772896866
2023,4,80+,12852502.6442001,681661.1466,4716,5.30372306056371,0.0482373090455126
2023,5,16–19,17208440.9994001,6305097.2414,4816,36.6395610248471,0.0645433770059191
2023,5,20–24,22114287.9951,15678201.6966001,5447,70.8962535898691,0.0829436453502657
2023,5,25–29,21560304.9928,18037884.4037,5744,83.6624732800565,0.0808658316904711
2023,5,30–34,22952696.9962,19292947.9466,6542,84.0552548129491,0.0860882502708996
2023,5,35–39,21963191.9962001,18442438.2051,6357,83.9697536145513,0.0823769324201736
2023,5,40–44,21418815.0065,17917369.9166,6360,83.652479892854,0.0803351478517294
2023,5,45–49,19479255.9979,16384480.0443999,5855,84.1124529918715,0.0730604802440326
2023,5,50–54,20493959.0000001,16636836.2414001,6292,81.1792208689398,0.0768663077687845
2023,5,55–59,20287672.8548999,14898789.7799,6441,73.4376480065413,0.0760925941921295
2023,5,60–64,21159550.1500001,12326852.1016,6978,58.2566832197045,0.0793627280155545
2023,5,65–69,18661711.1075999,6406262.14869999,6669,34.3283748835393,0.0699941299525833
2023,5,70–74,15505185.1032,2962819.73429999,5742,19.1085737743854,0.0581550070513237
2023,5,75–79,11221479.4792,1336625.8243,4160,11.9113154979034,0.0420881926849412
2023,5,80+,12591679.3104,615402.9287,4619,4.88737771610584,0.0472273755011922
2023,6,16–19,17223133.0026999,7426608.26270001,4814,43.1199611681324,0.0645542525519586
2023,6,20–24,22107710.0002001,16186086.8608,5427,73.2146697267762,0.0828622001859159
2023,6,25–29,21570686.0002,17957597.064,5685,83.2500044914356,0.0808493734303519
2023,6,30–34,22960538.0009999,19252582.4000999,6461,83.8507460028222,0.0860586960928094
2023,6,35–39,21980069.0024,18419196.2415,6358,83.7995378426192,0.0823837872742416
2023,6,40–44,21450646.9980999,17916256.0629,6374,83.5231499753223,0.0803994536592838
2023,6,45–49,19495772.0015999,16486962.7840999,5719,84.5668629215962,0.0730723608352437
2023,6,50–54,20471822.0017,16553007.9932,6209,80.8575220702163,0.0767307067471009
2023,6,55–59,20397803.8329001,14970679.8926,6374,73.3935869529906,0.0764532782698667
2023,6,60–64,21023255.1612,12250326.8712,7005,58.2703619266765,0.0787975406639213
2023,6,65–69,18739941.7445999,6211522.66230001,6649,33.1459016626341,0.0702394234545046
2023,6,70–74,15465412.4594,3037955.8737,5706,19.6435489947345,0.0579661169409658
2023,6,75–79,11199874.6405,1326621.3452,4166,11.8449660177694,0.0419783982379846
2023,6,80+,12714240.1572,700323.790500001,4691,5.50818438098647,0.0476544116558514
2023,7,16–19,17239067.9988001,7733611.6264,4796,44.8609613172725,0.0645652379464461
2023,7,20–24,22102734.9966,16332284.5705,5422,73.8925955227365,0.0827810612744294
2023,7,25–29,21582614.9937999,18104064.9958,5631,83.8826296118464,0.0808330631724534
2023,7,30–34,22970001.9953,19406848.6981,6512,84.4877971803004,0.086029224118155
2023,7,35–39,21998478.0021,18419920.8448,6495,83.7327057037385,0.0823905890251207
2023,7,40–44,21483971.9946,17860628.6354,6369,83.1346672760944,0.0804636169404683
2023,7,45–49,19513643.0011,16335131.1524,5709,83.7113354563224,0.0730841715837376
2023,7,50–54,20451097.0071,16302922.9509,6139,79.7166183566589,0.0765952048348073
2023,7,55–59,20303707.0301,14996403.0503001,6285,73.8604188292716,0.0760431872352138
2023,7,60–64,21094053.9728,12256619.2486,7038,58.1046168953795,0.0790032624793758
2023,7,65–69,18812400.6548,6389721.7483,6723,33.9654776949992,0.0704578185262445
2023,7,70–74,15525975.8558999,3034960.3206,5714,19.547630041217,0.0581492181338766
2023,7,75–79,11176866.9012,1324602.7138,4243,11.8512882501785,0.0418605617787438
2023,7,80+,12747700.5737,695329.2766,4870,5.45454666573002,0.0477437829509274
2023,8,16–19,17249345.0027001,7135713.97360002,4920,41.3680285975093,0.0645527308326136
2023,8,20–24,22108858.0001001,16016295.5826,5584,72.442889553714,0.0827386291638049
2023,8,25–29,21582177.0011,17989487.7184,5845,83.3534435264943,0.080767615379932
2023,8,30–34,22970738.0002999,19465698.3123999,6474,84.7412839419691,0.0859640680227414
2023,8,35–39,22023037.9993,18611684.0151,6558,84.5100663028036,0.0824174624522088
2023,8,40–44,21505114.0031002,17968806.2223001,6582,83.5559682209063,0.0804792202573194
2023,8,45–49,19541279.0035999,16379301.0629,5742,83.8189816535683,0.0731299028135231
2023,8,50–54,20428986.0046998,16380389.4094,6135,80.1820971713013,0.0764519948170896
2023,8,55–59,20306988.4943,14997998.3518,6316,73.8563394370853,0.0759954399479128
2023,8,60–64,21057510.4989,12348297.6766,7035,58.6408240292462,0.0788041405066479
2023,8,65–69,18821952.2893,6433888.81570001,6717,34.1828983349278,0.0704379453066354
2023,8,70–74,15667416.8559999,3122019.0465,5765,19.9268269632106,0.05863263462986
2023,8,75–79,11071892.9836,1285147.6449,4273,11.6072982894939,0.0414346705608794
2023,8,80+,12877953.8714,707945.7262,4916,5.49734634297955,0.0481935453088316
2023,9,16–19,17259919.0006,6256657.46900001,4758,36.249634014983,0.0645405064429504
2023,9,20–24,22115349.9983001,15733949.8295,5522,71.1449279830951,0.0826965577882359
2023,9,25–29,21582087.0045,17855096.2174,5632,82.7310918247947,0.0807025122955574
2023,9,30–34,22971822.9992,19573971.9184,6314,85.2086136963607,0.0858991916610177
2023,9,35–39,22047921.0003999,18623509.6695999,6338,84.4683254682477,0.0824444186169417
2023,9,40–44,21526566.9897,18004914.8664,6437,83.640437767039,0.0804949047237731
2023,9,45–49,19569197.0034,16589652.8488,5807,84.7743157060439,0.0731756554151498
2023,9,50–54,20407140.9967999,16562483.4365999,6084,81.1602342493599,0.0763090032427367
2023,9,55–59,20286411.7535999,15018725.9150999,6107,74.0334273873487,0.0758575569469384
2023,9,60–64,21045283.2461,12554861.1955999,6835,59.6564135002866,0.0786952267210185
2023,9,65–69,18919156.1992001,6501537.7111,6728,34.3648397563042,0.0707449393318247
2023,9,70–74,15700607.1976999,3264267.8232,5681,20.7907107164505,0.0587097274307115
2023,9,75–79,10970835.7336,1315722.3701,4214,11.9929092190341,0.0410235583564643
2023,9,80+,13025397.8668,699795.7155,4877,5.37254771528849,0.04870624102668
2023,10,16–19,17270459.0024,6474646.91349999,4864,37.4897211046923,0.0645281900448491
2023,10,20–24,22121803.9964,15654539.1019,5646,70.765201176394,0.0826544316057974
2023,10,25–29,21581967.001,18019435.999,5783,83.4930198816682,0.0806374206955739
2023,10,30–34,22972881.9947,19574593.0192,6489,85.2073894068496,0.0858343426208817
2023,10,35–39,22072786.9985001,18668411.7309,6620,84.5765952988564,0.0824712877672073
2023,10,40–44,21548005.0039999,17922810.9072999,6493,83.176196144251,0.0805105273572773
2023,10,45–49,19597104.9956,16596161.4568,5907,84.686801752229,0.0732213148075109
2023,10,50–54,20385292.0028999,16374460.391,6320,80.3248753496917,0.0761662441224096
2023,10,55–59,20127458.9187,14895394.6138,6112,74.0053410317037,0.0752028937994802
2023,10,60–64,21171455.0855999,12594066.4001,6953,59.4860690924644,0.0791036113805504
2023,10,65–69,18958020.8465,6476092.4023,6893,34.160171331891,0.0708334834579185
2023,10,70–74,15672670.1938,3253671.6126,5821,20.7601613022338,0.0585583186083953
2023,10,75–79,11186872.9684001,1347794.7404,4253,12.0480025491231,0.0417978853261624
2023,10,80+,12975300.9940001,711905.8142,4917,5.48662273444904,0.0484800484059864
2023,11,16–19,17281104.9998,6377065.45740001,4748,36.9019542296271,0.0645245861407177
2023,11,20–24,22117327.0019,15671189.356,5401,70.8548069785005,0.0825821827570072
2023,11,25–29,21594790.0018999,17832488.8683,5737,82.5777368834386,0.080631122123523
2023,11,30–34,22972885.9964,19500224.6885,6487,84.8836523698233,0.0857766885504573
2023,11,35–39,22094964.0008999,18606816.6851,6434,84.2129305317816,0.0824986832710419
2023,11,40–44,21564130.0007,18179227.9042,6319,84.303089916495,0.0805166431079438
2023,11,45–49,19620166.992,16484637.543,5810,84.0188442316601,0.0732582294468563
2023,11,50–54,20357413.0034001,16443513.7592,6115,80.774083408602,0.07601097551084
2023,11,55–59,20140898.6899,14831500.6426,6055,73.6387232315383,0.0752025494019599
2023,11,60–64,21124738.3129001,12625671.7812,6823,59.7672340087166,0.0788760323478511
2023,11,65–69,18886725.6347,6523867.64729998,6806,34.5420787778792,0.0705196892876006
2023,11,70–74,15625823.3238001,3168825.8127,5657,20.2794166235931,0.0583440574597424
2023,11,75–79,11609802.5576,1435218.0049,4257,12.3621224200792,0.0433489470270132
2023,11,80+,12831249.4829999,687409.5561,4758,5.35730800816199,0.0479096135674454
2023,12,16–19,17291021.0032,6134594.41160002,4747,35.4784972527921,0.0645208816122288
2023,12,20–24,22111916.0010001,15562718.0865,5342,70.3815901154659,0.0825098942541358
2023,12,25–29,21606720.9982,17875574.9402,5719,82.7315488624546,0.0806247755580956
2023,12,30–34,22971967.0005999,19517599.8553,6415,84.962684539771,0.0857191465426725
2023,12,35–39,22116255.0001,18573051.3686,6568,83.9791880158553,0.0825260850879327
2023,12,40–44,21579388.9948,18125666.9169,6162,83.9952740147914,0.0805227870777584
2023,12,45–49,19642446.0039,16417870.7364,5699,83.5836368502183,0.0732951474038279
2023,12,50–54,20328719.9956,16231770.4593,6111,79.8464953170354,0.0758559564482348
2023,12,55–59,20180099.7011999,14757935.2874,6025,73.1311316887226,0.0753013846610402
2023,12,60–64,21050618.2937,12418654.0341,6707,58.9942483438439,0.0785496964314988
2023,12,65–69,18844426.1892,6247346.40629999,6716,33.1522241302334,0.0703173624610565
2023,12,70–74,15670378.4818,3118458.3567,5721,19.9003384654803,0.0584735068366361
2023,12,75–79,11518343.6704,1414978.7571,4165,12.2845679690582,0.0429803241919207
2023,12,80+,13078782.6555,737368.8094,4783,5.63790093330985,0.0488030514329613
2024,1,16–19,17498173.9979999,6064249.831,4615,34.6564723364458,0.0654039019830318
2024,1,20–24,21306382.9945,15217637.0157,5458,71.4229018582282,0.0796380573849877
2024,1,25–29,21405948.0048,17437859.9807,5644,81.4626849359338,0.0800102070833129
2024,1,30–34,23047796.0013,19456228.36,6557,84.416871612811,0.0861470340143059
2024,1,35–39,22248332.0051999,18796487.8381,6577,84.4849305274069,0.083158832797089
2024,1,40–44,21688163.9936,18285416.8067,6235,84.3105797802704,0.0810650615425054
2024,1,45–49,19714178.9978,16537705.9536,5734,83.8873683527247,0.0736867876039771
2024,1,50–54,20333759.9941001,16344556.5343001,6026,80.3813782548951,0.0760026300888667
2024,1,55–59,20150985.6299,14832657.8298,6171,73.6076046215393,0.0753194641423789
2024,1,60–64,21237834.3700001,12366922.7107,6687,58.230620388344,0.0793818393637028
2024,1,65–69,19003959.8268,6278006.7562,6586,33.0352558804432,0.0710321617526247
2024,1,70–74,15657463.6729,3097541.7466,5674,19.7831641912811,0.0585237762227239
2024,1,75–79,11358948.5533,1333162.6357,4123,11.7366728922519,0.0424569762476503
2024,1,80+,12888286.952,726452.6066,4836,5.6365334610064,0.0481732697728428
2024,2,16–19,17519075.9998,6075899.83850001,4703,34.6816226984196,0.0654402201371429
2024,2,20–24,21322922.9986999,15173942.6107,5408,71.1625822202009,0.0796489937607556
2024,2,25–29,21403259.996,17851604.2734,5665,83.4060057988187,0.0799490821209256
2024,2,30–34,23047001.9948,19365919.526,6574,84.0279335697088,0.0860890656595192
2024,2,35–39,22271185.9972,18887585.2263999,6527,84.8072717311712,0.0831911063339563
2024,2,40–44,21707539.9987999,18571435.5688,6256,85.5529257107285,0.081085680327748
2024,2,45–49,19738776.0001001,16442704.3824,5849,83.3015399856438,0.0737316195613884
2024,2,50–54,20310090.0008,16347169.4910999,5957,80.487922458522,0.0758656883886291
2024,2,55–59,20111674.9351001,15007494.279,6231,74.6208077021376,0.0751245348267589
2024,2,60–64,21243257.0701,12432054.2715,6761,58.5223547899263,0.0793514120900631
2024,2,65–69,18969522.4745999,6472352.7752,6563,34.119745417242,0.0708581734931953
2024,2,70–74,15681538.6406,3110022.8689,5612,19.8323834170714,0.0585763393424227
2024,2,75–79,11436460.5739,1322989.1915,4199,11.5681699154308,0.04271940469659
2024,2,80+,12948834.3133,719762.095900001,4854,5.55850880847799,0.0483686792609049
2024,3,16–19,17539770.9991,6492800.3154,4468,37.0175888598156,0.0654752003027253
2024,3,20–24,21339297.0062,15368417.3309,5240,72.0193234408557,0.0796586652056053
2024,3,25–29,21400465.9962,17752762.5676,5329,82.9550280388863,0.0798870063779485
2024,3,30–34,23046157.0006,19500880.4053001,6085,84.6166256907489,0.0860302991355914
2024,3,35–39,22294060.0006,18775091.286,6285,84.2156667986659,0.0832227538304329
2024,3,40–44,21726964.0023,18576358.9318,6028,85.4991011621941,0.0811058091974913
2024,3,45–49,19763435.0023,16586640.2056,5641,83.9258975156379,0.073776041061875
2024,3,50–54,20286585.0031,16409435.1195,5803,80.8881096399047,0.0757289372024523
2024,3,55–59,20052951.7623,14983093.9771,5932,74.7176483278068,0.0748567945023257
2024,3,60–64,21268779.2434,12641955.1131,6444,59.4390254768524,0.0793954254720613
2024,3,65–69,19090311.6252,6517812.4763,6350,34.1419909966069,0.0712633008472891
2024,3,70–74,15711734.1787,3234431.0236,5546,20.5860854493378,0.058651218565302
2024,3,75–79,11411031.6448,1327347.3252,4122,11.6321413042866,0.0425968835421145
2024,3,80+,12952646.5492,692344.341100001,4719,5.34519596802218,0.0483516647567856
2024,4,16–19,17561227.0023,6313478.507,4703,35.9512379526392,0.0655108761723275
2024,4,20–24,21356553.0023,15277105.1035,5444,71.5335714609689,0.0796690629315471
2024,4,25–29,21398510.0023,17539905.4225,5631,81.9678819722249,0.0798255804591209
2024,4,30–34,23046155.9953999,19460527.9833,6364,84.4415354438474,0.0859720036342023
2024,4,35–39,22317724.9976001,18805313.7745,6437,84.2617864344248,0.083254644938782
2024,4,40–44,21747143.9989999,18612088.4647,6298,85.5840586035386,0.0811261341496049
2024,4,45–49,19788764.9998,16681365.7627,5948,84.2971542835979,0.0738205441644479
2024,4,50–54,20263710.0011001,16415464.7897,5951,81.0091774349752,0.0755922918427147
2024,4,55–59,19873126.1076,14916712.7557,6077,75.059719718658,0.0741352471226254
2024,4,60–64,21416499.8947,12653051.6574,6800,59.0808569075813,0.0798926904402865
2024,4,65–69,19216740.4047,6474887.5889,6606,33.693995196586,0.0716866481438444
2024,4,70–74,15672191.937,3223354.457,5673,20.5673492894767,0.0584639686736747
2024,4,75–79,11519834.6025,1260203.068,4290,10.9394198049208,0.0429739025679259
2024,4,80+,12887641.0568,728963.598900001,4852,5.65629967258728,0.0480764047588959
2024,5,16–19,17574198.9954,6647968.80600001,4820,37.8280046091437,0.0655148073044845
2024,5,20–24,21367167.0013,15075078.3524,5468,70.5525367564303,0.0796546021300496
2024,5,25–29,21397637.9964,17654671.4247,5734,82.507571292076,0.0797681948674981
2024,5,30–34,23045847.0032,19485563.0421,6329,84.5512991533545,0.0859125486162116
2024,5,35–39,22344870.9998,18890586.1737,6431,84.541039301006,0.0832993821327865
2024,5,40–44,21765622.0026999,18526623.2054999,6385,85.1187400167189,0.0811400014158469
2024,5,45–49,19815125.0028,16591920.332,5866,83.7336142449539,0.0738687491027335
2024,5,50–54,20238402.0048001,16446119.3198,5987,81.2619460563109,0.0754466822551755
2024,5,55–59,19899590.8748,14718420.8174,6134,73.9634342736101,0.0741836291908292
2024,5,60–64,21366572.119,12579641.0297,6877,58.8753355458159,0.0796523844699867
2024,5,65–69,19198802.67,6551575.04720002,6633,34.1249147658436,0.0715711628012804
2024,5,70–74,15750739.9023,3160410.168,5694,20.0651536855008,0.058717139248983
2024,5,75–79,11479527.9028,1398893.2774,4336,12.1859826400944,0.042794499976656
2024,5,80+,13003635.5161,657273.142,4825,5.05453372009866,0.0484762164874787
2024,6,16–19,17587778.0015,7633875.8756,4834,43.4044361655517,0.0655188836292708
2024,6,20–24,21378520.0005,15847395.1412,5190,74.1276530874419,0.0796403481985806
2024,6,25–29,21397494.9963,17679350.2422,5680,82.6234577704405,0.0797110348163888
2024,6,30–34,23046308.0006,19607820.4179,6213,85.0800935984606,0.0858532767383614
2024,6,35–39,22372754.0022,18774625.9451999,6440,83.917366379453,0.0833441191838689
2024,6,40–44,21784816.0009,18438760.1242,6272,84.6404216746116,0.0811539026889192
2024,6,45–49,19842133.0033,16553414.0996,5794,83.4255777685138,0.0739169213466792
2024,6,50–54,20213742.9998999,16467357.8176999,5973,81.4661481437726,0.0753012617744823
2024,6,55–59,19985163.0304,14693670.7027,6062,73.5228963624116,0.0744497440659708
2024,6,60–64,21258813.9655,12425644.793,6762,58.4493792229661,0.0791944131989341
2024,6,65–69,19169905.4459,6412666.53950002,6590,33.4517379733427,0.0714127051175497
2024,6,70–74,15838182.0255,3139800.5633,5727,19.8242485043094,0.0590011998638739
2024,6,75–79,11506570.9369,1395844.3026,4373,12.1308451514753,0.0428648622993992
2024,6,80+,13056121.5919,723282.6387,4820,5.53979704929159,0.0486373270777214
2024,7,16–19,17602328.001,7759895.10110002,4871,44.0844818972762,0.0655228288387759
2024,7,20–24,21391079.9983,15948884.2778,5245,74.5585743172736,0.0796260627188376
2024,7,25–29,21398562.0011,17912863.1743,5816,83.710593138825,0.079653913693368
2024,7,30–34,23048071.0012999,19586796.2734999,6273,84.982366951209,0.0857940387882976
2024,7,35–39,22401893.9974001,18937396.2588,6440,84.534799874501,0.0833887123324062
2024,7,40–44,21805231.9997999,18385671.6543,6274,84.3177071194136,0.0811677003196125
2024,7,45–49,19870257.0025,16754998.7562,5753,84.3220032538681,0.0739649578444018
2024,7,50–54,20190226.0066,16491864.3402,5907,81.6824157134692,0.0751560090671814
2024,7,55–59,20062979.6559,14658605.5825,6073,73.06295392763,0.0746823478073296
2024,7,60–64,21161182.3424001,12278834.5911,6872,58.0252766240628,0.0787702926890375
2024,7,65–69,19213033.2994,6423667.33909999,6723,33.4339051986163,0.0715185112036756
2024,7,70–74,16022127.2519,3265979.671,5764,20.3841825723404,0.0596406964749031
2024,7,75–79,11257990.2273,1399552.2167,4310,12.4316346740661,0.0419066936310972
2024,7,80+,13219238.2204,767765.449100001,4913,5.80794018762124,0.0492072345910762
2024,8,16–19,17612376.0009,6796875.63850001,4930,38.5914747570271,0.0655086425157178
2024,8,20–24,21406583.0006,15357701.1056,5429,71.7428891157899,0.0796210683440833
2024,8,25–29,21401772.9951999,17887981.0104,5906,83.5817715401987,0.0796031776901343
2024,8,30–34,23027795.0023,19264390.6129,6299,83.6571222341343,0.085651112073341
2024,8,35–39,22426267.0017,19076625.4752,6606,85.0637579306175,0.0834137488264691
2024,8,40–44,21824192.9967,18522381.6525,6472,84.8708662689191,0.0811743547345228
2024,8,45–49,19903903.0019999,16757335.0352,5740,84.19120126096,0.0740319004294996
2024,8,50–54,20166717.9982,16507103.6456,6069,81.8531981608179,0.0750094320034883
2024,8,55–59,20082928.1609,14967144.8443,6118,74.5267060878103,0.0746977785106346
2024,8,60–64,21112166.8420001,12277753.7847,6803,58.1548728587861,0.0785259973051965
2024,8,65–69,19222849.2583,6749054.3444,6718,35.1095420544169,0.0714987438453027
2024,8,70–74,15974310.5337,3242859.4844,5702,20.3004660361318,0.0594159128861289
2024,8,75–79,11305086.0853,1440815.8101,4293,12.7448459855029,0.0420488889706585
2024,8,80+,13388813.1183999,781743.4014,4932,5.83878043921361,0.0497992418648226
2024,9,16–19,17623293.0018,6251953.7675,4902,35.4755139511183,0.0654946304541113
2024,9,20–24,21423151.004,15038425.1676,5388,70.1970740195602,0.079616298612654
2024,9,25–29,21406034.9984,17858744.9756,5806,83.4285517001859,0.0795526892485298
2024,9,30–34,23008638.9965,19255541.0960001,6221,83.6883098514828,0.0855085543986537
2024,9,35–39,22451719.0069,19243301.8077,6466,85.709703572301,0.0834388351408716
2024,9,40–44,21844199.9960999,18679139.4938,6362,85.5107511244861,0.0811810713334982
2024,9,45–49,19938499.0026001,16810165.2825,5792,84.3100841257305,0.0740987864102119
2024,9,50–54,20144157.0002001,16530253.2215001,6083,82.0597914389561,0.0748630870747569
2024,9,55–59,20064653.9828999,14965993.5817,6051,74.5888446142889,0.0745676246581967
2024,9,60–64,21103249.016,12508368.8571,6695,59.2722421444037,0.0784274253139207
2024,9,65–69,19201593.3631999,6636021.77760002,6674,34.5597453923695,0.0713601743626716
2024,9,70–74,16043129.4236,3269348.1397,5675,20.3784938298302,0.0596221621474967
2024,9,75–79,11617523.5311,1544047.6882,4397,13.2906783796616,0.0431749849692462
2024,9,80+,13210124.6848,781420.6026,4923,5.91531587509636,0.0490936758751809
2024,10,16–19,17633126.9987,6121710.55679999,4732,34.7171012676953,0.0654803698017419
2024,10,20–24,21438400.9988,15477091.3498,5578,72.1933102691116,0.0796112014314278
2024,10,25–29,21408999.9968,17915945.6342,5862,83.6841778545376,0.0795020212228554
2024,10,30–34,22988114.0003,19197522.1642,6130,83.5106445180733,0.0853660389274811
2024,10,35–39,22475860.9991,19167307.8158,6387,85.2795264064302,0.0834637945919697
2024,10,40–44,21862951.0044,18501234.6971,6420,84.6236845765998,0.0811877619228298
2024,10,45–49,19971958.9921,16777425.3428,5813,84.0049058253944,0.0741655896066732
2024,10,50–54,20120459.9965001,16408592.5777,6046,81.5517765525948,0.0747170460037581
2024,10,55–59,19955198.8721,14971565.7873,5888,75.0258911637921,0.074103351136117
2024,10,60–64,21183247.1358001,12404647.2287,6778,58.5587617855618,0.0786636911397587
2024,10,65–69,19200967.806,6698655.4659,6626,34.8870720141866,0.0713025246503873
2024,10,70–74,16096089.6175,3368716.9252,5691,20.9287908134997,0.0597726030438946
2024,10,75–79,11790821.7891,1543244.4063,4412,13.0885228689204,0.0437850513453244
2024,10,80+,13162552.7893,800474.069900001,4886,6.081450025034,0.0488789551757812
2024,11,16–19,17636307.9979001,6107381.8691,4658,34.6295940727912,0.0654497857869575
2024,11,20–24,21450145.0014001,15518394.5193,5468,72.3463385365792,0.0796032477777081
2024,11,25–29,21412134.0039,17920005.1308,5825,83.6908882016902,0.0794621858477267
2024,11,30–34,22972689.999,19289966.8689,6243,83.9691253820934,0.0852535371668356
2024,11,35–39,22505127.9978,19108581.8796,6393,84.9076791807979,0.0835183762236097
2024,11,40–44,21874767,18392856.6315,6407,84.0825259144475,0.0811790548486724
2024,11,45–49,19998807.0017,16669615.0709,5880,83.3530473566898,0.0742172133993023
2024,11,50–54,20090463.0071,16269838.4454,5973,80.982894419358,0.0745573563544058
2024,11,55–59,20016739.4599999,15041600.9293,5922,75.1451102181655,0.0742837622231551
2024,11,60–64,21098118.5363,12439474.7797,6744,58.9601141841038,0.0782968486869865
2024,11,65–69,19138711.6013999,6456984.76590001,6564,33.737823633999,0.0710253288102665
2024,11,70–74,16097677.3489,3059070.4043,5699,19.003178769197,0.0597398012258866
2024,11,75–79,12034411.2169,1635983.9113,4458,13.5942164665487,0.0446606872771812
2024,11,80+,13137088.8335,771183.7707,4852,5.87027902813185,0.0487528143713063
2024,12,16–19,17639509.9966001,6242324.60220001,4752,35.3883106923219,0.065419249109759
2024,12,20–24,21461916.9986,15419630.6914,5398,71.8464743499189,0.0795953229298887
2024,12,25–29,21415298.9989999,17843496.7843,5703,83.3212591854694,0.079422431816166
2024,12,30–34,22957301.0005,19338647.9559001,6239,84.2374630862699,0.0851412195309792
2024,12,35–39,22534425.0017,19132459.6757,6451,84.9032521320453,0.0835729089422287
2024,12,40–44,21886609.001,18310067.0108,6468,83.6587660060241,0.0811703684898439
2024,12,45–49,20025678.9964,16585437.2853,5894,82.8208486128314,0.0742687797512555
2024,12,50–54,20060485.0016,16179302.542,5915,80.652599080778,0.0743978639902809
2024,12,55–59,19829177.8788,14986879.3223,5852,75.5799328338412,0.0735400205303305
2024,12,60–64,21262123.1256001,12532381.083,6700,58.9422844039066,0.0788543519419813
2024,12,65–69,19195831.5886,6439041.89510001,6499,33.5439590901809,0.071191143563832
2024,12,70–74,16235857.0695,3105129.2441,5702,19.1251329129595,0.0602135534572549
2024,12,75–79,11990582.0805,1558856.586,4424,13.0006748257462,0.0444691987615547
2024,12,80+,13143119.2671,747781.3075,4790,5.68952690988549,0.0487435871846448
