YEAR,MONTH,group,population,labor_force,n,lfpr_pct
2019,1,16–24,37798946.9966999,20316233.127,12543,53.7481457585941
2019,1,25–34,44716470.9984997,37032143.3070999,15030,82.8154424537266
2019,1,35–44,40729706.0175,33872275.2444,15236,83.1635642787268
2019,1,45–54,40750253.0017,33412309.2909999,15199,81.9928879695692
2019,1,55–64,42165077.9990002,27625290.0957999,17013,65.516990378756
2019,1,65+,52079032.0039007,10609152.0369,22160,20.3712542815798
2019,2,16–24,37786968.9979,20583213.0247,12408,54.4717228466881
2019,2,25–34,44750517.9971,37214478.7850999,15022,83.1598838420409
2019,2,35–44,40770598.0079999,33910423.3457,14898,83.1737207755603
2019,2,45–54,40696378.0043998,33302515.4815999,14938,81.8316447670096
2019,2,55–64,42180981.0027997,27775688.0173,16896,65.8488431443936
2019,2,65+,52206607.9981994,10873358.4956,21946,20.8275521289853
2019,3,16–24,37773436.0018,20721832.5188,12153,54.8582144282891
2019,3,25–34,44782897.9934002,37194316.9165001,14959,83.0547342469474
2019,3,35–44,40810047.9878003,33745564.839,14863,82.6893534873761
2019,3,45–54,40641278.9955002,33290889.0722,14723,81.9139798131992
2019,3,55–64,42195893.9961998,27607729.4237001,16521,65.427525782927
2019,3,65+,52333194.0024998,10704335.6441,21482,20.4541989995656
2019,4,16–24,37761997.9973001,20303916.9788,12470,53.7681215391508
2019,4,25–34,44817572.0003003,36923353.2270003,15140,82.3858847747326
2019,4,35–44,40851498.9983,33923588.6512999,15224,83.0412334507274
2019,4,45–54,40587954.9989001,33050096.1631999,14867,81.4283354854798
2019,4,55–64,42212357.0047998,27730520.8109001,16646,65.6928984272235
2019,4,65+,52461480.0041999,10601116.1409,21862,20.2074286506048
2019,5,16–24,37749569.0018,20919209.3433998,12199,55.4157567796399
2019,5,25–34,44850478.0017995,37070695.0748997,14888,82.6539576086845
2019,5,35–44,40891569.0063004,33922419.0189,14889,82.9570002894078
2019,5,45–54,40539875.0011001,32911095.7227999,14624,81.1820355191201
2019,5,55–64,42229428.9932,27606633.6539997,16369,65.3729740424506
2019,5,65+,52600319.0029004,10725219.9444,21599,20.3900283262705
2019,6,16–24,37738299.9941,22652565.7585001,12413,60.0254006196401
2019,6,25–34,44884732.9977998,37026844.0848,14743,82.4931811148681
2019,6,35–44,40932847.9984003,33947124.2304002,14828,82.933697239261
2019,6,45–54,40492977.0114001,32717656.3499,14855,80.7983476756696
2019,6,55–64,42247701.9940996,27645211.7642001,16334,65.4360129884961
2019,6,65+,52740656.9856,10516104.9237,21583,19.9392755508739
2019,7,16–24,37728659.0048999,23565999.1473001,12345,62.4617989847972
2019,7,25–34,44920946.0007996,36800463.9411999,14669,81.922726962484
2019,7,35–44,40975906.0079996,34055527.3981999,14486,83.1111028797054
2019,7,45–54,40447872.9988998,32619227.0011001,14507,80.6450984505102
2019,7,55–64,42267920.9972002,27824087.5533,16312,65.8279065940884
2019,7,65+,52883540.0022,10985385.6044,21739,20.7727879108377
2019,8,16–24,37730412.9978,22003032.2207,12520,58.3164361916287
2019,8,25–34,44932127.9971999,37251528.4891999,15105,82.9062191123495
2019,8,35–44,41023906.9903998,34109306.8575001,14860,83.1449497618114
2019,8,45–54,40401670.9972999,32927060.2601998,14678,81.4992534897884
2019,8,55–64,42279355.9928,27768319.6587,16483,65.6781992219295
2019,8,65+,53064492.9885001,11000262.7828,21952,20.7299875364566
2019,9,16–24,37731947.0074001,21100711.7165,12441,55.9226686933533
2019,9,25–34,44943057.0056004,37400546.7758002,14762,83.2176297467698
2019,9,35–44,41071680.0084,34546847.0772,14859,84.1135475104366
2019,9,45–54,40355251.9967,32999044.5286,14734,81.771375213562
2019,9,55–64,42290564.0021,28057714.1636997,16306,66.3450933458973
2019,9,65+,53245171.9945995,11084718.6979,22029,20.818260666008
2019,10,16–24,37733609.007,21164291.9920999,12190,56.0887032782201
2019,10,25–34,44954175.0053998,37759265.6368999,14837,83.9950141057295
2019,10,35–44,41119640.9959,34546586.6839999,14910,84.0148061784989
2019,10,45–54,40309060.0052002,33002072.2664996,14751,81.8725920729536
2019,10,55–64,42302074.0150997,27903590.8739001,16336,65.9627016489546
2019,10,65+,53426306.0058004,11282891.7128,22542,21.118607211165
2019,11,16–24,37726225.0000001,20641726.7011001,12099,54.7145300148637
2019,11,25–34,44975188.9967999,37838683.6564998,14672,84.132350525958
2019,11,35–44,41153794.0017997,34511643.3405,14878,83.8601742016562
2019,11,45–54,40266899.9951002,33068999.7514003,14672,82.1245235054705
2019,11,55–64,42308926.0004997,27762038.4696002,16425,65.6174502497942
2019,11,65+,53588999.0037998,11374407.2492001,22627,21.2252653728306
2019,12,16–24,37716600.9997001,20426014.9485,12144,54.1565634418181
2019,12,25–34,44993635.0035999,37906029.5988,14491,84.2475376700885
2019,12,35–44,41185663.9924004,34479062.9569002,14947,83.7161760054719
2019,12,45–54,40222594.9957003,33047071.7501001,14651,82.1604666571929
2019,12,55–64,42313652.9947998,27707195.4200999,16357,65.4805091479694
2019,12,65+,53749084.9954005,11340485.0586,22604,21.0989360276002
2020,1,16–24,37519397.0026998,20480856.0273999,12024,54.5873805645815
2020,1,25–34,44792964.9976999,37579964.9020998,14462,83.8970246868667
2020,1,35–44,41077951.0053995,34284293.7028999,14735,83.4615477738737
2020,1,45–54,40083194.0082999,32910943.5059998,14473,82.1065893580861
2020,1,55–64,42237579.9971001,27594454.7354998,16411,65.3315240536849
2020,1,65+,53790440.9946999,11152559.3785001,22295,20.7333481047291
2020,2,16–24,37511564.9964,20772361.5367999,12140,55.3758861801513
2020,2,25–34,44802666.9925,37517584.8985,14782,83.739624037963
2020,2,35–44,41116704.9981,34212901.7213001,14809,83.2092496781564
2020,2,45–54,40046978.9921002,32876820.2460001,14566,82.0956313645669
2020,2,55–64,42232679.0084001,27838335.2844999,16505,65.9165744114004
2020,2,65+,53917690.0102,11281834.4903,22137,20.9241799642488
2020,3,16–24,37503686.0033,19987717.0976,10509,53.2953403455895
2020,3,25–34,44812528.0045998,36978011.5091998,12713,82.5171289274379
2020,3,35–44,41155695.0021995,34205153.4216998,13100,83.1115922592772
2020,3,45–54,40011221.9987001,32882671.2018,12902,82.1836213921892
2020,3,55–64,42228633.9934002,27850044.8473999,14956,65.9506174217061
2020,3,65+,54046405.9977001,10867103.9174,20481,20.1069871655526
2020,4,16–24,37497439.9921,17960966.9349,10066,47.8991817539651
2020,4,25–34,44824146.9950999,35336112.7872999,12163,78.8327612596014
2020,4,35–44,41196198.0007001,33412665.6679003,12589,81.1061876810391
2020,4,45–54,39976741.9991998,31700753.2628,12558,79.297990975439
2020,4,55–64,42225629.9938002,27281360.0770001,14518,64.6085329715759
2020,4,65+,54176190.9939992,10568184.1648,20368,19.5070638428061
2020,5,16–24,37487744.9981997,18950182.7056001,9603,50.5503404019369
2020,5,25–34,44837067.0020003,35924607.3572,11579,80.1225632256393
2020,5,35–44,41244635.0038001,33515865.3338003,12150,81.2611514945211
2020,5,45–54,39947383.9981,31985603.3766999,12109,80.0693316443981
2020,5,55–64,42218213.0016998,27461380.3611999,13943,65.0462878665524
2020,5,65+,54311732.0096999,10365702.1945,20106,19.085567355224
2020,6,16–24,37479121.0015001,20785598.5827,9004,55.4591410558108
2020,6,25–34,44851243.9865,36088059.7441999,10905,80.4616695917337
2020,6,35–44,41294200.9959998,34050104.1107999,11630,82.4573506437342
2020,6,45–54,39919105.9975997,32297894.2155999,11435,80.9083605668471
2020,6,55–64,42211915.9994999,27482966.1660002,13441,65.1071279643545
2020,6,65+,54448707.9985003,10517038.6148,19720,19.3154971006652
2020,7,16–24,37472001.0042999,21661814.1134001,9318,57.8079993937724
2020,7,25–34,44867239.0073999,36109533.9440001,11174,80.4808469227281
2020,7,35–44,41345436.9945005,34222859.8689002,11934,82.7730031574035
2020,7,45–54,39892470.0001001,32021147.5210998,11612,80.2686510036091
2020,7,55–64,42207415.0052997,27559216.7477,13613,65.2947278203121
2020,7,65+,54588117.9878001,10718291.8493,19986,19.6348440730186
2020,8,16–24,37470802.0037998,20498075.4787001,9752,54.7041279677478
2020,8,25–34,44867568.9970998,36361699.9453002,11820,81.0422778814929
2020,8,35–44,41401461.0088003,34183393.7979002,12585,82.5656703048091
2020,8,45–54,39857609.9964001,32092118.3747999,12035,80.5169160361056
2020,8,55–64,42196256.9946998,27575677.4534,14209,65.3510036609733
2020,8,65+,54764500.004799,10800218.422,20433,19.7212033727205
2020,9,16–24,37469410.0018997,19995940.3661,11500,53.3660400980059
2020,9,25–34,44867673.9948004,36518405.0926002,13504,81.3913489182261
2020,9,35–44,41457286.9987999,33921012.4783,14076,81.8215926171964
2020,9,45–54,39822564.0005,31995802.4098999,13432,80.3459124568126
2020,9,55–64,42184910.9948002,27438471.7445001,15438,65.0433320764436
2020,9,65+,54940644.9885,11016892.0774,21733,20.0523530069696
2020,10,16–24,37467703.9902002,20493023.2877999,11901,54.6951670514956
2020,10,25–34,44867425.9981,36925508.9937997,14076,82.2991472596699
2020,10,35–44,41512796.0077003,34003370.6597,14440,81.9105768096003
2020,10,45–54,39787234.0051001,32197706.1843001,13714,80.9247161543646
2020,10,55–64,42173293.0012999,27421032.2084002,15612,65.0198982743771
2020,10,65+,55116473.0031996,10976796.1068,22035,19.9156359409332
2020,11,16–24,37469473.9967001,20082583.9625999,11696,53.5971867776113
2020,11,25–34,44871152.0085001,36505557.924,13889,81.3564089397229
2020,11,35–44,41558216.9963001,34059826.9671002,14145,81.9569014958763
2020,11,45–54,39757703.9964001,32129237.1108,13574,80.8126070703409
2020,11,55–64,42154744.9967002,27263993.7361,15360,64.6759783228062
2020,11,65+,55273458.9996999,11081861.1384,21832,20.0491544024053
2020,12,16–24,37468908.0012,20103526.4471,11180,53.6538893699709
2020,12,25–34,44872175.9975009,36693956.0564002,13369,81.7744075046502
2020,12,35–44,41601203.0023,33944978.4172,13593,81.596146186742
2020,12,45–54,39725916.9952998,32104306.7362999,13111,80.8145139609951
2020,12,55–64,42133911.9853003,27186217.0062999,14888,64.5233630710212
2020,12,65+,55427534.0006001,10873252.7492,21389,19.6170602666219
2021,1,16–24,37345947.0016997,19952743.4164,11386,53.4267973322298
2021,1,25–34,44796964.0043999,36436687.9757001,13717,81.3374048565463
2021,1,35–44,41613428.9987,34144769.1259,14091,82.0522844367539
2021,1,45–54,39658908.9942003,31841253.0125,13401,80.2877684233734
2021,1,55–64,42055019.9984,26920643.9685001,15119,64.0129144380963
2021,1,65+,55380872.9908999,10521628.6818,21458,18.9986688789267
2021,2,16–24,37325106.0002999,19923837.0941,11185,53.3791842250628
2021,2,25–34,44789651.0068002,36485357.5202002,13647,81.4593476396161
2021,2,35–44,41647898.9992003,34016104.7493002,13919,81.6754399782648
2021,2,45–54,39634940.9922998,32029154.7592999,13295,80.810401018441
2021,2,55–64,42016935.9950001,27395697.3858,14885,65.2015591738055
2021,2,65+,55503829.9934001,10331914.2465,21389,18.6147771202971
2021,3,16–24,37306051.0026002,19864350.8886,10808,53.2469944010301
2021,3,25–34,44784779.9971001,36830351.8294002,13344,82.2385458447826
2021,3,35–44,41684766.9963,34026666.6585002,13710,81.6285398968894
2021,3,45–54,39613538.0045999,31929017.8740001,12925,80.6012779527354
2021,3,55–64,41982133.0024998,27308650.0887,14691,65.048267288072
2021,3,65+,55631750.0113004,10499949.5157,21179,18.8740234013259
2021,4,16–24,37289548.9964002,19961528.3041,11382,53.5311604493446
2021,4,25–34,44782781.9928002,36666425.0112,13866,81.876166195068
2021,4,35–44,41724189.9967998,33989981.5946001,14083,81.4634905967188
2021,4,45–54,39594394.9976,31667979.0261002,13385,79.9809645481885
2021,4,55–64,41949441.0062995,27383029.0789,15034,65.2762669108939
2021,4,65+,55762238.9992996,10672448.9431,21743,19.1392044771266
2021,5,16–24,37274255.0070002,20197000.747,11124,54.1848542464683
2021,5,25–34,44772969.0035002,36566188.9230002,13737,81.6702348243681
2021,5,35–44,41769982.9964001,34140873.1459,13879,81.7354250511482
2021,5,45–54,39567867.9977998,31620041.9931,13249,79.9134337863701
2021,5,55–64,41932518.0121,27490748.4452002,14974,65.5594983284037
2021,5,65+,55892470.9914002,10722958.2489999,21791,19.1849779743139
2021,6,16–24,37262137.9979,21958359.391,10582,58.9294135302635
2021,6,25–34,44766872.9945999,36500456.3678999,12884,81.5345230217507
2021,6,35–44,41819160.0071002,34300295.6677,13527,82.0205275808417
2021,6,45–54,39544476.0065999,31622349.2358998,12689,79.9665400310834
2021,6,55–64,41918815.9892003,27228542.5145,14539,64.9554188780404
2021,6,65+,56026953.0030996,10610888.7824,21525,18.9389003214452
2021,7,16–24,37250274.0050001,22783491.6389999,10664,61.1632860363434
2021,7,25–34,44761138.9968002,36729319.8936,12865,82.0562673711802
2021,7,35–44,41868702.0024997,34446373.1446001,13425,82.2723693286301
2021,7,45–54,39521471.9993001,31642197.0492,12771,80.0633059663373
2021,7,55–64,41905624.0031001,27143659.7032,14549,64.7733099051144
2021,7,65+,56162239.9878002,10546883.8903,21455,18.7793148788066
2021,8,16–24,37240111.0047,21372316.8969999,10796,57.3905832189989
2021,8,25–34,44741392.0000001,36770528.4621001,12818,82.1845875114926
2021,8,35–44,41914531.9946995,34410881.8447998,13728,82.0977360528597
2021,8,45–54,39503052.9939001,31977276.1179001,12796,80.9488727943074
2021,8,55–64,41866068.0021001,27110459.9384,14322,64.7552092473555
2021,8,65+,56345924.9977004,10898906.7084,21481,19.3428481453536
2021,9,16–24,37231944.989,20459599.3832,10435,54.951734026371
2021,9,25–34,44723969.9991001,36701967.6577,12608,82.0633044392939
2021,9,35–44,41962476.0024001,34444126.7908,13440,82.0831611290762
2021,9,45–54,39486573.9957999,32149439.1178001,12464,81.4186592162179
2021,9,55–64,41828475.9893001,27250617.8532002,13911,65.1484836793265
2021,9,65+,56532204.9949999,11091483.2819,21004,19.6197605999643
2021,10,16–24,37221735.9999001,20659935.9121,10772,55.5050304804575
2021,10,25–34,44704219.0024996,36956117.7084999,12895,82.6680759291053
2021,10,35–44,42008328.9929998,34493909.5757,13652,82.1120725403004
2021,10,45–54,39468217.9930999,32062539.8597999,12635,81.236350385531
2021,10,55–64,41789068.9952003,27155116.2509999,14201,64.9813860512633
2021,10,65+,56716183.9955997,11085202.697,21151,19.5450432593633
2021,11,16–24,37206837.0032,20577738.1452999,10308,55.3063356165699
2021,11,25–34,44698055.0123998,36985096.6692998,12484,82.7443088050245
2021,11,35–44,42034932.0062,34717196.4903,13292,82.5912992679025
2021,11,45–54,39452714.0030999,32042535.2831,12274,81.2175691654122
2021,11,55–64,41755558.0003,27041640.8491999,13743,64.7617757832517
2021,11,65+,56880466.0006999,11187821.5874,20773,19.6690047990506
2021,12,16–24,37189810.9992001,20278839.4610999,10312,54.527944391909
2021,12,25–34,44689428.9939997,36863415.1362001,12646,82.487997645147
2021,12,35–44,42059296.9987002,34784377.7904,13146,82.7031840106006
2021,12,45–54,39435171.0025998,31809829.6584,12133,80.6636026918786
2021,12,55–64,41720004.9957002,27036662.4656001,13632,64.805031706939
2021,12,65+,57042050.9927005,11228546.0112,20671,19.684681416236
2022,1,16–24,37879055.9975999,20239681.6028999,10381,53.4323812192742
2022,1,25–34,44254955.9995999,36396170.4938,12696,82.2420216486692
2022,1,35–44,42845105.9926,35549464.5859,13138,82.9720542459153
2022,1,45–54,40087875.9964999,32358442.2507002,12304,80.718774557987
2022,1,55–64,42360294.0048003,27648658.7143999,13770,65.2702238357145
2022,1,65+,55775207.9953993,10811593.4009,20732,19.3842278486739
2022,2,16–24,37888430.0028997,20278731.9467,10498,53.522228144972
2022,2,25–34,44242144.0015002,36616302.6714001,12699,82.7634001420873
2022,2,35–44,42869557.0011001,35777941.9502999,13112,83.4576899159042
2022,2,45–54,40078098.0057998,32363234.5164002,12404,80.7504251117824
2022,2,55–64,42328906.9908,27790339.1013001,13833,65.6533349829709
2022,2,65+,55916934.9971991,11020551.8875,20926,19.7087910631225
2022,3,16–24,37897209.9964001,20486140.2874001,10111,54.0571200079005
2022,3,25–34,44228801.9947998,36738989.5931002,12365,83.0657579136322
2022,3,35–44,42893599.0023998,35771499.0849999,12729,83.3958910349271
2022,3,45–54,40068064.0012999,32520666.1849001,12040,81.1635575500855
2022,3,55–64,42297527.0126998,27870360.2219999,13682,65.8912286139847
2022,3,65+,56058956.9959998,10887235.9666,20484,19.4210462520322
2022,4,16–24,37905683.0026999,20260616.3001999,10583,53.4500758072525
2022,4,25–34,44214934.0021,36793544.0731,12837,83.2151961854165
2022,4,35–44,42917035.0060996,35709779.3259,13166,83.2065386642501
2022,4,45–54,40057337.9928997,32204253.4311999,12446,80.3953908193008
2022,4,55–64,42265117.0034001,27753716.8637,13937,65.6657755412514
2022,4,65+,56199290.0079001,10855648.0519,21040,19.3163437658625
2022,5,16–24,37917586.0009998,20764997.3605,10713,54.7635003978168
2022,5,25–34,44196554.0041002,36931326.6737,13220,83.5615524917935
2022,5,35–44,42945074.0071,35761048.5483,13483,83.2715960447238
2022,5,45–54,40049342.0015004,32288860.3633,12621,80.6226987751519
2022,5,55–64,42223685.0013001,27697537.7864998,14143,65.5971590012738
2022,5,65+,56346395.0053002,11026965.4469,21248,19.5699573075842
2022,6,16–24,37934602.9977001,22714700.012,10212,59.8785758041997
2022,6,25–34,44184192.0014999,36641320.6156998,12554,82.9285745781114
2022,6,35–44,42978936.0046997,35478683.1373998,13092,82.5490029197564
2022,6,45–54,40046825.9983,32347692.7438001,12208,80.774672991995
2022,6,55–64,42188228.9982999,27435491.4068,13724,65.0311521915405
2022,6,65+,56501764.0091998,10882644.0109,21217,19.2607154869148
2022,7,16–24,37954460.9941999,23283816.7648002,10136,61.3467196078962
2022,7,25–34,44175210.9965003,36788200.2986002,12289,83.2779277534512
2022,7,35–44,43016105.0011998,35459737.3116998,12931,82.4336311033061
2022,7,45–54,40047441.0021002,32418462.0086001,12093,80.9501461201978
2022,7,55–64,42156246.9932,27450285.3663001,13600,65.1155814954969
2022,7,65+,56662065.9841,11015423.9235,21163,19.4405617447677
2022,8,16–24,37977420.9968999,22191335.9393999,10328,58.4329724264619
2022,8,25–34,44149817.9981998,37051970.2887001,12511,83.9232684723885
2022,8,35–44,43045584.9958003,35671015.3524,13180,82.8679999490777
2022,8,45–54,40044576.9981995,32833659.4293999,12248,81.9927737802705
2022,8,55–64,42111585.9939005,27279680.6285001,13677,64.7795137244446
2022,8,65+,56854781.0055,11213927.9431,21445,19.7238081736964
2022,9,16–24,38000297.0010998,21022684.0048001,10132,55.3224202542198
2022,9,25–34,44124342.9988002,36720335.4539001,12148,83.2201296569981
2022,9,35–44,43074993.9954004,35771865.8484001,13152,83.0455504003551
2022,9,45–54,40041655.9992999,32906077.413,12168,82.1796116863282
2022,9,55–64,42066889.0060996,27566257.4117998,13531,65.5295841054536
2022,9,65+,57047465.0027001,11651102.1192999,21340,20.4235229711758
2022,10,16–24,38024056.9999,21044611.6884001,10223,55.3455189919778
2022,10,25–34,44099982.9988003,36977412.2042,12280,83.8490395907998
2022,10,35–44,43105539.9988,35784917.0332001,12832,83.0169788713846
2022,10,45–54,40039856.0025,32723628.9873999,12168,81.7276390438484
2022,10,55–64,42023538.9948,27548804.4394,13395,65.5556507099721
2022,10,65+,57242194.0051,11766864.4264,21056,20.5562778137953
2022,11,16–24,38045216.0031002,21146881.3537,10059,55.583549195717
2022,11,25–34,44084246.0078996,36750562.5750999,12139,83.364389556565
2022,11,35–44,43135741.0094004,35890287.2316001,12705,83.2031313053801
2022,11,45–54,40038616.9958,32632059.5230001,11948,81.5014652639555
2022,11,55–64,41984234.0038,27436538.2637,13225,65.3496221015172
2022,11,65+,57419780.0037004,11388089.3271,21022,19.8330424226044
2022,12,16–24,38061108.9959998,20947339.7589999,10002,55.0360730718631
2022,12,25–34,44062442.9997002,36551296.0095003,11930,82.9534032185845
2022,12,35–44,43160098.0058996,35943265.0901,12458,83.2789237067692
2022,12,45–54,40031976.9929999,32702686.3102,11836,81.691409634649
2022,12,55–64,41939231.0042001,27609869.2144998,13147,65.8330364038738
2022,12,65+,57589468.0077999,11283394.6716,20914,19.5928093485285
2023,1,16–24,39259561.9999999,21827042.4375,10026,55.5967548428076
2023,1,25–34,44467983.9983001,37231676.2288,12089,83.7269263887099
2023,1,35–44,43202755.0014001,36156794.1826,12528,83.6909455923083
2023,1,45–54,39985380.0023003,32777976.4158004,11875,81.9749028617826
2023,1,55–64,41582122.0006998,27203337.5561001,13276,65.4207535527943
2023,1,65+,57463916.9947,11184075.1358,20996,19.4627789414904
2023,2,16–24,39277057.0059,22060710.2092,9691,56.1669124188356
2023,2,25–34,44475853.9922999,37601195.9285001,11720,84.5429430877482
2023,2,35–44,43245159.0016001,36504455.2207001,12403,84.4128130488536
2023,2,45–54,39982089.0016001,32827121.4194002,11696,82.1045679181158
2023,2,55–64,41544498.9808002,27169723.2927,13003,65.3990876271164
2023,2,65+,57587248.9967003,11167185.7189,20719,19.3917679928414
2023,3,16–24,39295425.9993,21965353.2998,9700,55.8979900108254
2023,3,25–34,44484908.9981,37491325.7124998,11576,84.2787510571308
2023,3,35–44,43288868.9956997,36748007.0774998,12103,84.8901990974871
2023,3,45–54,39980173.9983998,32852561.0611999,11631,82.1721312731525
2023,3,55–64,41508744.0025,27259017.4938002,12800,65.6705427949312
2023,3,65+,57713754.0016996,11274826.4186,20586,19.5357703092194
2023,4,16–24,39315797.0068001,21648457.3413001,10060,55.0630000901564
2023,4,25–34,44496096.0022997,37325263.7196999,12144,83.8843563214418
2023,4,35–44,43334542.9995002,36532585.2368999,12578,84.3036125645106
2023,4,45–54,39979961.9975999,33105163.71,12121,82.8043901392087
2023,4,55–64,41474539.0053996,27038868.3480001,13262,65.1938972594242
2023,4,65+,57842255.9963999,11347525.8796001,21157,19.6180554926943
2023,5,16–24,39322728.9944999,21983298.938,10263,55.904815103435
2023,5,25–34,44513001.9889997,37330832.3502999,12286,83.8650072613061
2023,5,35–44,43382007.0026999,36359808.1217001,12717,83.8131074005802
2023,5,45–54,39973214.9978997,33021316.2858,12147,82.6086075076399
2023,5,55–64,41447223.0049001,27225641.8814999,13419,65.6874934136869
2023,5,65+,57980055.0003997,11321110.636,21190,19.5258708118196
2023,6,16–24,39330843.0029001,23612695.1235,10241,60.0360768309973
2023,6,25–34,44531224.0012004,37210179.4641003,12146,83.5597500376303
2023,6,35–44,43430716.0004998,36335452.3044001,12732,83.6630284980379
2023,6,45–54,39967594.0032998,33039970.7772999,11928,82.6668995250803
2023,6,55–64,41421058.9941,27221006.7638001,13379,65.7177953071586
2023,6,65+,58119469.0017005,11276423.6717,21212,19.4021450391607
2023,7,16–24,39341802.9953998,24065896.1969001,10218,61.1713098144335
2023,7,25–34,44552616.9891004,37510913.6939,12143,84.1946359808155
2023,7,35–44,43482449.9967003,36280549.4802001,12864,83.4372246341991
2023,7,45–54,39964740.0082001,32638054.1033,11848,81.66712481203
2023,7,55–64,41397761.0028999,27253022.2988999,13323,65.8321166137242
2023,7,65+,58262943.9856002,11444614.0593,21550,19.6430411448631
2023,8,16–24,39358203.0027998,23152009.5562001,10504,58.8238481176418
2023,8,25–34,44552915.0013999,37455186.0307999,12319,84.0689908384737
2023,8,35–44,43528152.0024001,36580490.2374001,13140,84.0386934767711
2023,8,45–54,39970265.0082999,32759690.4723,11877,81.9601532926973
2023,8,55–64,41364498.9932001,27346296.0284,13351,66.1105457433329
2023,8,65+,58439216.0003003,11549001.2333,21671,19.7624164452183
2023,9,16–24,39375268.9989,21990607.2985001,10280,55.8487798498961
2023,9,25–34,44553910.0037003,37429068.1358002,11946,84.0084924817858
2023,9,35–44,43574487.9900997,36628424.5359999,12775,84.0593343158089
2023,9,45–54,39976338.0002002,33152136.2854001,11891,82.9293975982343
2023,9,55–64,41331694.9997001,27573587.1106999,12942,66.7129357044272
2023,9,65+,58615996.9972999,11781323.6199,21500,20.0991610198879
2023,10,16–24,39392262.9988,22129186.0153999,10510,56.1764781476861
2023,10,25–34,44554848.9957,37594029.0182,12272,84.3769642712249
2023,10,35–44,43620792.0025001,36591222.6381998,13113,83.8848195055757
2023,10,45–54,39982396.9984998,32970621.8477998,12227,82.4628444588676
2023,10,55–64,41298914.0042996,27489461.0139001,13065,66.5621885627262
2023,10,65+,58792865.0026993,11789464.5695001,21884,20.0525430576632
2023,11,16–24,39398432.0017002,22048254.8134,10149,55.9622647227396
2023,11,25–34,44567675.9982997,37332713.5568001,12224,83.7663457215592
2023,11,35–44,43659094.0016001,36786044.5893002,12753,84.2574621176333
2023,11,45–54,39977579.9954001,32928151.3022,11925,82.3665447132837
2023,11,55–64,41265637.0027999,27457172.4237999,12878,66.5376192349507
2023,11,65+,58953600.9991001,11815321.021,21478,20.0417291238585
2023,12,16–24,39402937.0042001,21697312.4981001,10089,55.0652163207715
2023,12,25–34,44578687.9987999,37393174.7954997,12134,83.8812815588166
2023,12,35–44,43695643.9949002,36698718.2855001,12730,83.9871321951069
2023,12,45–54,39971165.9994998,32649641.1956999,11810,81.6829841694096
2023,12,55–64,41230717.9949004,27176589.3214999,12732,65.9134515311163
2023,12,65+,59111930.9969004,11518152.3295,21385,19.4853257798396
2024,1,16–24,38804556.9925003,21281886.8467,10073,54.8437825248543
2024,1,25–34,44453744.0061001,36894088.3406999,12201,82.9943330209424
2024,1,35–44,43936495.9987999,37081904.6448,12812,84.3988665955813
2024,1,45–54,40047938.9919,32882262.4879001,11760,82.1072527466415
2024,1,55–64,41388819.9998998,27199580.5405001,12858,65.71721672801
2024,1,65+,58908659.0050003,11435163.7451001,21219,19.4116857152179
2024,2,16–24,38841998.9985002,21249842.4491999,10111,54.708416140015
2024,2,25–34,44450261.9908001,37217523.7994,12239,83.7284689280414
2024,2,35–44,43978725.996,37459020.7951999,12783,85.1753204460879
2024,2,45–54,40048866.0009001,32789873.8734999,11806,81.8746625004638
2024,2,55–64,41354932.0051999,27439548.5505001,12992,66.3513327673949
2024,2,65+,59036356.0023996,11625126.9315,21228,19.6914710166519
2024,3,16–24,38879068.0053002,21861217.6462999,9708,56.2287595045223
2024,3,25–34,44446622.9968,37253642.9729,11414,83.8165882154469
2024,3,35–44,44021024.0029,37351450.2178001,12313,84.8491171294412
2024,3,45–54,40050020.0054,32996075.3251001,11444,82.3871631541036
2024,3,55–64,41321731.0057,27625049.0902,12376,66.8535620794523
2024,3,65+,59165723.9979001,11771935.1662,20737,19.8965454502303
2024,4,16–24,38917780.0046,21590583.6105,10147,55.4774285890614
2024,4,25–34,44444665.9976999,37000433.4058,11995,83.2505601633158
2024,4,35–44,44064868.9966002,37417402.2392001,12735,84.9143616927286
2024,4,45–54,40052475.0008999,33096830.5524001,11899,82.6336713315631
2024,4,55–64,41289626.0023002,27569764.4130999,12877,66.7716496428522
2024,4,65+,59296408.0009998,11687408.7128,21421,19.7101462075122
2024,5,16–24,38941365.9967,21723047.1584,10288,55.7839885746197
2024,5,25–34,44443484.9996002,37140234.4668001,12063,83.567331560822
2024,5,35–44,44110493.0025001,37417209.3792,12816,84.8260965414268
2024,5,45–54,40053527.0076001,33038039.6518001,11853,82.4847201234768
2024,5,55–64,41266162.9937999,27298061.8471,13011,66.1511995946933
2024,5,65+,59432705.9911998,11768151.6346,21488,19.8008006506426
2024,6,16–24,38966298.002,23481271.0168,10024,60.2604615290751
2024,6,25–34,44443802.9969001,37287170.6601001,11893,83.8973448395062
2024,6,35–44,44157570.0030999,37213386.0693999,12712,84.2740804505037
2024,6,45–54,40055876.0032001,33020771.9172999,11767,82.4367738572536
2024,6,55–64,41243976.9958997,27119315.4956998,12824,65.7533959404446
2024,6,65+,59570780.0002001,11671594.0441001,21510,19.5928172235798
2024,7,16–24,38993407.9993001,23708779.3789,10116,60.8020190985245
2024,7,25–34,44446633.0024,37499659.4478001,12089,84.3700791593712
2024,7,35–44,44207125.9972002,37323067.9131,12714,84.4277185435303
2024,7,45–54,40060483.0090999,33246863.0963999,11660,82.9916680955836
2024,7,55–64,41224161.9983,26937440.1736,12945,65.3438150536834
2024,7,65+,59712388.9989996,11856964.6759,21710,19.8567916552437
2024,8,16–24,39018959.0015001,22154576.7441,10359,56.7790051581036
2024,8,25–34,44429567.9974999,37152371.6233,12205,83.6208257199138
2024,8,35–44,44250459.9983999,37599007.1276999,13078,84.9686243466383
2024,8,45–54,40070621.0002001,33264438.6808,11809,83.014532469147
2024,8,55–64,41195095.0028999,27244898.6290001,12921,66.1362684734243
2024,8,65+,59891058.9957001,12214473.0403,21645,20.3944849951258
2024,9,16–24,39046444.0057999,21290378.9351,10290,54.5257819942261
2024,9,25–34,44414673.9949,37114286.0715999,12027,83.563117171279
2024,9,35–44,44295919.0030001,37922441.3014999,12828,85.6115916658857
2024,9,45–54,40082656.0027999,33340418.504,11875,83.179164827977
2024,9,55–64,41167902.9988999,27474362.4387998,12746,66.7373376767185
2024,9,65+,60072371.0027006,12230838.2081,21669,20.3601722454906
2024,10,16–24,39071527.9975002,21598801.9066,10310,55.2801567115109
2024,10,25–34,44397113.9970998,37113467.7984001,11992,83.5943250744281
2024,10,35–44,44338812.0034999,37668542.5128999,12807,84.9561384502736
2024,10,45–54,40092418.9886001,33186017.9205002,11859,82.7737980338287
2024,10,55–64,41138446.0079,27376213.0160001,12666,66.5465414292579
2024,10,65+,60250432.0018996,12411090.8673,21615,20.599173242291
2024,11,16–24,39086452.9993001,21625776.3884,10126,55.3280605656064
2024,11,25–34,44384824.0029,37209971.9997001,12068,83.8348981563357
2024,11,35–44,44379894.9978001,37501438.5111002,12800,84.5009626835736
2024,11,45–54,40089270.0088001,32939453.5163002,11853,82.1652614504319
2024,11,55–64,41114857.9963,27481075.709,12666,66.8397680261308
2024,11,65+,60407889.0006998,11923222.8522,21573,19.7378571730289
2024,12,16–24,39101426.9952,21661955.2936,10150,55.399398329527
2024,12,25–34,44372599.9995002,37182144.7402,11942,83.7952807377049
2024,12,35–44,44421034.0026998,37442526.6864999,12919,84.2900835766772
2024,12,45–54,40086163.9979997,32764739.8273,11809,81.735782523204
2024,12,55–64,41091301.0043998,27519260.4053001,12552,66.9710126782149
2024,12,65+,60565390.0057001,11850809.0327,21415,19.5669656078903
