YEAR,MONTH,sample_rows
2019,1,120811
2019,2,119409
2019,3,118108
2019,4,119897
2019,5,117973
2019,6,118231
2019,7,117196
2019,8,119122
2019,9,118557
2019,10,118730
2019,11,118097
2019,12,117932
2020,1,117239
2020,2,117870
2020,3,104878
2020,4,101605
2020,5,97758
2020,6,93543
2020,7,95604
2020,8,99702
2020,9,111132
2020,10,113720
2020,11,112037
2020,12,108387
2021,1,110669
2021,2,109435
2021,3,107334
2021,4,111003
2021,5,109674
2021,6,105897
2021,7,105845
2021,8,106429
2021,9,103858
2021,10,105496
2021,11,102413
2021,12,102025
2022,1,102656
2022,2,103044
2022,3,100535
2022,4,103832
2022,5,105630
2022,6,102416
2022,7,101165
2022,8,102749
2022,9,101637
2022,10,100839
2022,11,99737
2022,12,98663
2023,1,99337
2023,2,97332
2023,3,96346
2023,4,99873
2023,5,100656
2023,6,100090
2023,7,100290
2023,8,101315
2023,9,99580
2023,10,101561
2023,11,99634
2023,12,99074
2024,1,99135
2024,2,99250
2024,3,95311
2024,4,99245
2024,5,99781
2024,6,98697
2024,7,99138
2024,8,100288
2024,9,99421
2024,10,99045
2024,11,99063
2024,12,98982
